distortion,actual_psnr,cnn_predicted,brisque_predicted,cnn_error,brisque_error
Gaussian_s002,34.09,37.96,52.85,3.88,18.77
Gaussian_s002,34.17,40.58,50.01,6.41,15.84
Gaussian_s002,34.15,38.67,53.14,4.52,18.99
Gaussian_s002,34.13,40.41,52.62,6.29,18.49
Gaussian_s002,34.1,38.23,50.81,4.13,16.71
Gaussian_s002,34.17,42.08,52.41,7.91,18.24
Gaussian_s002,34.09,39.51,52.45,5.42,18.36
Gaussian_s002,34.08,37.14,53.65,3.07,19.58
Gaussian_s002,34.1,39.26,49.79,5.16,15.69
Gaussian_s002,34.05,41.69,55.06,7.64,21.01
Gaussian_s002,34.11,45.7,52.76,11.6,18.65
Gaussian_s002,34.06,40.9,53.95,6.84,19.89
Gaussian_s002,34.13,38.1,50.4,3.98,16.27
Gaussian_s002,34.1,42.32,52.97,8.22,18.87
Gaussian_s002,34.1,43.94,53.48,9.84,19.37
Gaussian_s002,34.07,43.72,50.33,9.66,16.26
Gaussian_s002,34.18,44.17,53.94,9.99,19.76
Gaussian_s002,34.17,43.51,51.6,9.34,17.43
Gaussian_s002,34.09,34.39,51.28,0.3,17.19
Gaussian_s002,34.16,38.31,52.09,4.15,17.93
Gaussian_s002,34.11,36.0,51.51,1.89,17.4
Gaussian_s002,34.09,39.67,53.89,5.58,19.8
Gaussian_s002,33.99,43.42,53.33,9.43,19.33
Gaussian_s002,34.09,42.79,53.65,8.71,19.57
Gaussian_s002,33.96,36.85,52.77,2.9,18.81
Gaussian_s002,34.01,41.01,50.91,7.0,16.9
Gaussian_s002,34.07,38.11,52.3,4.04,18.23
Gaussian_s002,34.07,44.1,53.68,10.03,19.61
Gaussian_s002,34.14,47.49,51.3,13.35,17.16
Gaussian_s002,34.08,39.62,53.52,5.54,19.44
Gaussian_s002,34.12,43.13,53.61,9.01,19.49
Gaussian_s002,34.11,40.55,49.12,6.44,15.01
Gaussian_s002,34.06,38.83,54.82,4.77,20.75
Gaussian_s002,34.09,34.96,52.45,0.88,18.36
Gaussian_s002,34.18,34.71,49.75,0.53,15.57
Gaussian_s002,34.06,40.84,54.04,6.78,19.99
Gaussian_s002,34.13,44.52,54.05,10.39,19.92
Gaussian_s002,34.08,33.43,51.64,0.65,17.55
Gaussian_s002,34.09,43.86,51.82,9.77,17.72
Gaussian_s002,34.08,40.07,53.96,5.99,19.89
Gaussian_s002,34.06,39.07,50.14,5.01,16.08
Gaussian_s002,34.1,43.43,52.41,9.33,18.31
Gaussian_s002,34.08,41.96,51.05,7.88,16.97
Gaussian_s002,34.04,39.4,51.38,5.36,17.35
Gaussian_s002,34.1,40.54,54.1,6.44,20.0
Gaussian_s002,34.11,39.07,54.14,4.97,20.03
Gaussian_s002,34.11,44.02,53.13,9.9,19.02
Gaussian_s002,34.11,30.19,53.08,3.92,18.96
Gaussian_s002,34.1,41.35,52.18,7.26,18.08
Gaussian_s002,34.16,33.38,52.98,0.78,18.82
Gaussian_s002,34.08,39.51,48.49,5.43,14.41
Gaussian_s002,34.11,43.33,51.81,9.22,17.7
Gaussian_s002,34.06,43.07,51.74,9.01,17.68
Gaussian_s002,34.13,39.17,54.16,5.04,20.03
Gaussian_s002,34.1,43.68,51.86,9.58,17.76
Gaussian_s002,34.13,39.24,52.11,5.11,17.97
Gaussian_s002,34.11,41.02,53.96,6.91,19.85
Gaussian_s002,34.11,40.44,50.31,6.33,16.2
Gaussian_s002,34.02,38.91,51.32,4.89,17.3
Gaussian_s002,34.14,41.89,53.67,7.75,19.54
Gaussian_s002,34.14,37.83,54.31,3.69,20.17
Gaussian_s002,34.12,41.66,50.36,7.55,16.24
Gaussian_s002,34.11,41.11,53.84,6.99,19.72
Gaussian_s002,34.09,43.05,51.1,8.96,17.01
Gaussian_s002,34.05,39.88,49.12,5.83,15.07
Gaussian_s002,34.09,33.24,52.52,0.86,18.43
Gaussian_s002,34.08,45.44,53.23,11.36,19.15
Gaussian_s002,34.0,40.31,51.36,6.31,17.36
Gaussian_s002,34.08,32.46,53.33,1.61,19.25
Gaussian_s002,34.08,42.38,49.87,8.29,15.78
Gaussian_s002,34.06,40.17,53.47,6.11,19.41
Gaussian_s002,34.15,39.17,55.12,5.02,20.98
Gaussian_s002,34.14,40.69,54.16,6.55,20.01
Gaussian_s002,34.06,41.72,52.18,7.65,18.12
Gaussian_s002,34.07,42.51,47.39,8.44,13.32
Gaussian_s002,34.13,42.88,51.26,8.75,17.13
Gaussian_s002,34.08,50.19,53.33,16.12,19.26
Gaussian_s002,34.2,30.12,54.11,4.09,19.91
Gaussian_s002,34.09,36.26,50.98,2.17,16.89
Gaussian_s002,34.09,42.43,53.58,8.34,19.5
Gaussian_s002,34.04,40.27,49.95,6.23,15.91
Gaussian_s002,34.11,37.5,51.55,3.4,17.44
Gaussian_s002,34.02,40.39,50.82,6.37,16.8
Gaussian_s002,34.08,44.29,49.95,10.21,15.87
Gaussian_s002,34.13,36.47,52.65,2.34,18.53
Gaussian_s002,34.17,40.8,54.82,6.63,20.65
Gaussian_s002,34.12,45.41,53.3,11.29,19.18
Gaussian_s002,34.09,40.65,51.89,6.56,17.8
Gaussian_s002,34.05,33.79,52.37,0.26,18.31
Gaussian_s002,34.12,41.43,46.65,7.3,12.53
Gaussian_s002,34.1,41.21,52.54,7.1,18.43
Gaussian_s002,34.17,43.68,53.8,9.51,19.63
Gaussian_s002,34.03,35.74,50.66,1.7,16.62
Gaussian_s002,34.19,37.86,52.64,3.67,18.45
Gaussian_s002,34.1,42.29,54.22,8.18,20.12
Gaussian_s002,34.12,36.56,53.03,2.44,18.9
Gaussian_s002,34.08,39.68,50.3,5.61,16.22
Gaussian_s002,34.11,41.78,52.34,7.67,18.23
Gaussian_s002,34.08,38.75,54.77,4.67,20.69
Gaussian_s002,34.09,41.43,53.64,7.35,19.55
Gaussian_s002,34.13,42.59,50.32,8.46,16.19
Gaussian_s002,34.04,42.2,50.95,8.16,16.9
Gaussian_s002,34.25,40.39,51.03,6.14,16.78
Gaussian_s002,34.03,37.32,52.76,3.29,18.73
Gaussian_s002,34.1,38.68,53.04,4.58,18.94
Gaussian_s002,34.19,39.07,49.69,4.87,15.49
Gaussian_s002,34.07,42.1,52.23,8.03,18.16
Gaussian_s002,34.12,40.19,51.96,6.07,17.84
Gaussian_s002,34.04,47.27,54.26,13.23,20.22
Gaussian_s002,34.13,36.99,50.14,2.86,16.01
Gaussian_s002,34.17,40.35,53.88,6.19,19.71
Gaussian_s002,34.19,37.69,50.03,3.5,15.84
Gaussian_s002,34.07,43.91,54.2,9.84,20.13
Gaussian_s002,34.07,45.72,51.53,11.65,17.46
Gaussian_s002,34.19,42.29,51.35,8.09,17.15
Gaussian_s002,34.09,39.92,53.11,5.83,19.02
Gaussian_s002,34.11,42.56,53.51,8.45,19.4
Gaussian_s002,34.06,42.5,51.23,8.45,17.17
Gaussian_s002,34.06,45.73,53.54,11.67,19.49
Gaussian_s002,34.13,38.84,53.95,4.71,19.82
Gaussian_s002,34.1,39.76,55.51,5.66,21.41
Gaussian_s002,34.1,44.03,54.33,9.92,20.23
Gaussian_s002,34.13,44.69,50.98,10.55,16.85
Gaussian_s002,34.06,40.77,52.49,6.71,18.42
Gaussian_s002,34.05,38.83,39.2,4.77,5.15
Gaussian_s002,34.06,38.86,54.81,4.79,20.75
Gaussian_s002,34.09,37.5,54.11,3.41,20.02
Gaussian_s002,34.09,34.71,53.24,0.62,19.15
Gaussian_s002,34.08,39.05,51.94,4.96,17.86
Gaussian_s002,34.05,43.58,53.79,9.53,19.74
Gaussian_s002,34.12,41.19,52.45,7.07,18.33
Gaussian_s002,34.13,43.27,52.2,9.14,18.07
Gaussian_s002,34.1,39.19,53.64,5.09,19.54
Gaussian_s002,34.13,39.16,50.04,5.02,15.91
Gaussian_s002,34.11,41.78,52.99,7.67,18.88
Gaussian_s002,34.15,40.47,53.71,6.32,19.56
Gaussian_s002,34.13,40.72,50.35,6.59,16.22
Gaussian_s002,34.07,38.5,51.8,4.42,17.73
Gaussian_s002,34.1,41.89,54.49,7.79,20.39
Gaussian_s002,34.16,45.0,51.99,10.84,17.83
Gaussian_s002,34.07,46.45,47.61,12.39,13.55
Gaussian_s002,34.04,42.86,54.97,8.81,20.93
Gaussian_s002,34.15,43.45,52.92,9.3,18.78
Gaussian_s002,34.09,32.79,48.28,1.3,14.19
Gaussian_s002,34.04,41.27,51.37,7.22,17.33
Gaussian_s002,34.1,43.79,54.14,9.69,20.04
Gaussian_s002,34.09,45.31,52.7,11.22,18.61
Gaussian_s002,34.11,36.35,52.15,2.25,18.05
Gaussian_s002,34.09,41.25,55.27,7.16,21.18
Gaussian_s002,34.08,35.83,49.47,1.75,15.4
Gaussian_s002,34.13,42.64,51.22,8.51,17.08
Gaussian_s002,34.15,40.59,51.73,6.45,17.58
Gaussian_s002,34.05,40.65,49.98,6.6,15.93
Gaussian_s002,34.05,41.11,52.98,7.06,18.93
Gaussian_s002,34.08,46.54,52.26,12.46,18.18
Gaussian_s002,34.08,43.03,51.87,8.94,17.78
Gaussian_s002,34.12,43.38,54.11,9.25,19.99
Gaussian_s002,34.06,44.57,53.44,10.51,19.38
Gaussian_s002,34.08,38.38,53.5,4.3,19.43
Gaussian_s002,34.09,38.47,54.29,4.39,20.2
Gaussian_s002,34.11,36.08,51.68,1.98,17.57
Gaussian_s002,34.1,46.32,51.87,12.22,17.77
Gaussian_s002,34.23,45.45,50.46,11.22,16.24
Gaussian_s002,34.1,40.81,54.29,6.7,20.18
Gaussian_s002,34.08,41.85,53.47,7.77,19.39
Gaussian_s002,34.18,46.91,51.44,12.72,17.26
Gaussian_s002,34.1,35.3,51.31,1.2,17.21
Gaussian_s002,34.13,36.95,54.04,2.82,19.91
Gaussian_s002,34.13,45.73,53.09,11.6,18.95
Gaussian_s002,34.08,44.05,47.34,9.97,13.25
Gaussian_s002,34.1,45.66,52.36,11.55,18.25
Gaussian_s002,34.05,38.65,52.23,4.6,18.17
Gaussian_s002,34.05,42.36,51.11,8.31,17.06
Gaussian_s002,34.07,49.72,52.38,15.65,18.32
Gaussian_s002,34.07,38.53,53.54,4.46,19.47
Gaussian_s002,34.16,42.62,53.42,8.46,19.26
Gaussian_s002,34.03,39.78,53.95,5.75,19.92
Gaussian_s002,34.12,43.3,53.2,9.18,19.08
Gaussian_s002,34.11,38.78,53.32,4.68,19.22
Gaussian_s002,34.05,39.76,51.92,5.71,17.87
Gaussian_s002,34.12,39.5,51.48,5.38,17.36
Gaussian_s002,34.15,38.88,48.97,4.73,14.82
Gaussian_s002,34.14,46.53,51.17,12.39,17.03
Gaussian_s002,34.15,41.58,52.12,7.43,17.98
Gaussian_s002,34.05,39.33,50.75,5.28,16.7
Gaussian_s002,34.09,32.2,47.63,1.89,13.54
Gaussian_s002,34.08,39.88,53.9,5.8,19.82
Gaussian_s002,34.07,40.25,49.9,6.17,15.82
Gaussian_s002,34.08,36.96,51.12,2.88,17.04
Gaussian_s002,34.13,35.03,51.22,0.9,17.09
Gaussian_s002,34.09,40.65,52.25,6.56,18.16
Gaussian_s002,34.12,42.82,50.69,8.7,16.57
Gaussian_s002,34.12,44.82,52.43,10.7,18.31
Gaussian_s002,34.17,40.54,50.85,6.37,16.68
Gaussian_s002,34.15,44.2,52.66,10.05,18.51
Gaussian_s002,34.14,42.58,52.87,8.43,18.72
Gaussian_s002,34.11,45.61,52.98,11.5,18.87
Gaussian_s002,34.26,42.56,48.47,8.3,14.21
Gaussian_s002,34.12,40.07,51.36,5.95,17.24
Gaussian_s002,34.15,42.59,49.38,8.44,15.23
Gaussian_s002,34.05,40.17,52.79,6.12,18.74
Gaussian_s002,34.06,39.48,52.39,5.42,18.33
Gaussian_s002,34.06,40.04,52.51,5.98,18.46
Gaussian_s002,34.08,47.56,52.97,13.47,18.88
Gaussian_s002,34.11,41.34,53.33,7.23,19.22
Gaussian_s002,34.12,40.31,53.36,6.19,19.23
Gaussian_s002,34.11,34.32,51.64,0.2,17.52
Gaussian_s002,34.11,40.15,53.13,6.05,19.02
Gaussian_s002,34.15,43.03,50.76,8.88,16.61
Gaussian_s002,34.17,38.46,52.74,4.29,18.57
Gaussian_s002,34.16,44.83,51.74,10.67,17.58
Gaussian_s002,34.09,43.36,53.27,9.27,19.18
Gaussian_s002,34.06,42.2,54.47,8.14,20.41
Gaussian_s002,34.12,39.97,51.74,5.86,17.63
Gaussian_s002,34.15,41.62,51.7,7.47,17.55
Gaussian_s002,34.12,33.37,52.79,0.75,18.68
Gaussian_s002,34.01,47.03,51.28,13.03,17.27
Gaussian_s002,34.12,41.01,50.04,6.89,15.92
Gaussian_s002,34.11,39.23,51.96,5.11,17.84
Gaussian_s002,34.08,42.05,47.46,7.98,13.39
Gaussian_s002,34.11,45.6,49.62,11.49,15.51
Gaussian_s002,34.12,47.8,50.39,13.68,16.27
Gaussian_s002,34.1,42.33,53.83,8.23,19.72
Gaussian_s002,34.13,40.79,49.07,6.66,14.94
Gaussian_s002,34.09,41.66,52.77,7.56,18.68
Gaussian_s002,34.07,40.25,52.15,6.18,18.08
Gaussian_s002,34.14,38.32,51.75,4.18,17.61
Gaussian_s002,34.18,38.7,52.26,4.51,18.08
Gaussian_s002,34.09,40.67,52.67,6.58,18.58
Gaussian_s002,34.17,36.75,51.31,2.59,17.14
Gaussian_s002,34.13,47.89,49.2,13.76,15.07
Gaussian_s002,34.08,42.0,50.79,7.92,16.7
Gaussian_s002,34.08,39.87,47.16,5.8,13.08
Gaussian_s002,34.07,32.48,51.19,1.59,17.12
Gaussian_s002,34.13,42.81,53.73,8.68,19.61
Gaussian_s002,34.06,39.78,53.91,5.73,19.85
Gaussian_s002,34.11,37.46,53.71,3.36,19.6
Gaussian_s002,34.06,34.19,54.67,0.13,20.61
Gaussian_s002,34.11,40.85,53.31,6.74,19.19
Gaussian_s002,34.08,35.89,52.52,1.81,18.44
Gaussian_s002,34.12,38.89,53.09,4.77,18.97
Gaussian_s002,34.08,40.86,53.65,6.77,19.56
Gaussian_s002,34.08,42.51,50.98,8.42,16.89
Gaussian_s002,34.17,46.47,49.35,12.3,15.17
Gaussian_s002,34.11,39.55,51.37,5.44,17.26
Gaussian_s002,34.16,36.69,47.73,2.53,13.57
Gaussian_s002,34.09,38.57,51.29,4.48,17.21
Gaussian_s002,34.09,34.66,51.19,0.57,17.1
Gaussian_s002,34.15,44.99,54.3,10.85,20.15
Gaussian_s002,34.06,45.01,54.24,10.95,20.18
Gaussian_s002,34.09,37.89,52.94,3.8,18.85
Gaussian_s002,34.04,37.69,52.06,3.65,18.01
Gaussian_s002,34.12,44.53,54.23,10.42,20.11
Gaussian_s002,34.15,43.35,53.54,9.2,19.39
Gaussian_s002,34.15,41.79,50.11,7.64,15.95
Gaussian_s002,34.18,40.48,48.51,6.3,14.33
Gaussian_s002,34.01,39.32,51.61,5.31,17.6
Gaussian_s002,34.12,45.37,50.79,11.25,16.67
Gaussian_s002,34.06,45.22,52.06,11.16,17.99
Gaussian_s002,34.11,40.65,54.76,6.54,20.65
Gaussian_s002,34.1,39.73,53.21,5.64,19.11
Gaussian_s002,34.03,41.34,52.94,7.31,18.91
Gaussian_s002,34.19,37.01,50.97,2.82,16.78
Gaussian_s002,34.19,38.7,53.43,4.51,19.24
Gaussian_s002,34.12,45.73,51.61,11.61,17.49
Gaussian_s002,34.14,43.01,52.55,8.87,18.41
Gaussian_s002,34.1,42.51,51.34,8.42,17.24
Gaussian_s002,34.16,39.62,51.79,5.46,17.64
Gaussian_s002,34.12,35.05,50.6,0.92,16.48
Gaussian_s002,34.09,41.82,50.88,7.73,16.79
Gaussian_s002,34.11,40.39,48.03,6.28,13.92
Gaussian_s002,34.15,36.64,53.25,2.5,19.1
Gaussian_s002,34.12,36.85,53.75,2.72,19.63
Gaussian_s002,34.09,46.63,51.88,12.54,17.8
Gaussian_s002,34.11,37.9,52.78,3.79,18.68
Gaussian_s002,34.06,31.67,53.36,2.39,19.3
Gaussian_s002,34.12,44.06,52.7,9.94,18.58
Gaussian_s002,34.06,44.87,52.72,10.81,18.66
Gaussian_s002,34.08,39.01,54.02,4.93,19.95
Gaussian_s002,34.08,34.11,51.35,0.03,17.27
Gaussian_s002,34.16,38.91,55.88,4.75,21.72
Gaussian_s002,34.15,37.01,50.25,2.87,16.11
Gaussian_s002,34.14,43.73,50.46,9.59,16.31
Gaussian_s002,34.09,43.83,41.65,9.73,7.56
Gaussian_s002,34.19,44.95,52.96,10.76,18.76
Gaussian_s002,34.12,50.5,52.62,16.39,18.51
Gaussian_s002,34.16,43.39,52.75,9.22,18.59
Gaussian_s002,34.11,41.7,52.8,7.59,18.69
Gaussian_s002,34.06,38.57,53.15,4.51,19.09
Gaussian_s002,34.14,42.3,54.07,8.16,19.93
Gaussian_s002,34.1,48.46,53.87,14.36,19.77
Gaussian_s002,34.12,45.77,53.54,11.65,19.42
Gaussian_s002,34.11,41.94,53.88,7.83,19.76
Gaussian_s002,34.08,35.62,53.97,1.55,19.9
Gaussian_s002,34.24,26.8,51.49,7.45,17.24
Gaussian_s002,34.03,38.89,50.06,4.85,16.02
Gaussian_s002,34.06,33.55,51.47,0.51,17.41
Gaussian_s002,34.15,37.05,52.01,2.89,17.85
Gaussian_s002,34.12,45.52,54.09,11.41,19.98
Gaussian_s002,34.09,48.33,49.97,14.24,15.88
Gaussian_s002,34.11,40.27,50.59,6.15,16.48
Gaussian_s002,34.05,38.03,46.16,3.98,12.11
Gaussian_s002,34.04,39.85,53.13,5.81,19.09
Gaussian_s002,34.09,39.5,51.39,5.41,17.3
Gaussian_s002,34.12,34.84,51.52,0.72,17.39
Gaussian_s002,34.0,40.01,54.16,6.01,20.16
Gaussian_s002,34.01,42.32,53.02,8.31,19.01
Gaussian_s002,34.12,41.98,53.3,7.86,19.18
Gaussian_s002,34.14,39.58,49.51,5.45,15.37
Gaussian_s002,34.0,37.07,54.2,3.07,20.2
Gaussian_s002,34.1,37.16,53.06,3.06,18.95
Gaussian_s002,34.09,45.41,46.89,11.32,12.79
Gaussian_s002,34.16,41.18,52.98,7.02,18.82
Gaussian_s002,34.13,37.97,53.4,3.84,19.27
Gaussian_s002,34.08,41.74,51.18,7.65,17.1
Gaussian_s002,34.05,41.95,52.06,7.9,18.0
Gaussian_s002,34.12,36.3,49.18,2.17,15.06
Gaussian_s002,34.09,34.85,52.38,0.76,18.29
Gaussian_s002,34.03,39.38,50.98,5.34,16.94
Gaussian_s002,34.05,35.25,54.78,1.21,20.73
Gaussian_s002,34.1,43.28,51.64,9.18,17.53
Gaussian_s002,34.11,44.5,52.28,10.4,18.18
Gaussian_s002,34.12,27.27,51.92,6.86,17.79
Gaussian_s002,34.1,38.2,52.32,4.1,18.22
Gaussian_s002,34.13,44.43,52.86,10.3,18.73
Gaussian_s002,34.11,45.05,53.25,10.94,19.14
Gaussian_s002,34.16,35.51,54.57,1.35,20.41
Gaussian_s002,34.11,36.16,51.83,2.04,17.72
Gaussian_s002,34.11,42.02,52.79,7.91,18.68
Gaussian_s002,34.05,40.11,53.37,6.05,19.31
Gaussian_s002,34.06,39.99,51.23,5.92,17.16
Gaussian_s002,34.07,44.03,52.21,9.96,18.15
Gaussian_s002,34.11,45.81,54.42,11.7,20.31
Gaussian_s002,34.15,38.77,52.62,4.62,18.47
Gaussian_s002,34.1,41.73,54.03,7.64,19.93
Gaussian_s002,34.13,45.14,53.46,11.01,19.32
Gaussian_s002,34.07,40.91,50.25,6.85,16.19
Gaussian_s002,34.12,40.27,51.35,6.16,17.23
Gaussian_s002,34.11,37.22,49.89,3.11,15.78
Gaussian_s002,34.1,38.1,54.94,4.01,20.84
Gaussian_s002,34.04,38.24,55.36,4.2,21.32
Gaussian_s002,34.12,40.06,52.72,5.94,18.6
Gaussian_s002,34.11,34.85,52.93,0.74,18.81
Gaussian_s002,34.09,41.15,52.45,7.07,18.36
Gaussian_s002,34.09,44.59,51.52,10.5,17.42
Gaussian_s002,34.1,39.09,54.16,4.99,20.06
Gaussian_s002,34.03,47.09,54.34,13.05,20.31
Gaussian_s002,34.1,34.61,51.74,0.51,17.64
Gaussian_s002,34.17,41.5,54.02,7.33,19.85
Gaussian_s002,34.05,42.06,53.22,8.01,19.17
Gaussian_s002,34.01,40.2,54.8,6.18,20.78
Gaussian_s002,34.1,45.5,52.66,11.4,18.56
Gaussian_s002,34.11,37.92,51.66,3.81,17.55
Gaussian_s002,34.06,45.1,53.98,11.04,19.91
Gaussian_s002,34.01,37.79,54.03,3.78,20.03
Gaussian_s002,34.03,41.52,53.37,7.49,19.34
Gaussian_s002,34.05,33.15,55.05,0.9,21.0
Gaussian_s002,34.05,41.34,50.75,7.29,16.71
Gaussian_s002,34.07,41.83,53.16,7.76,19.09
Gaussian_s002,33.99,43.93,52.89,9.94,18.9
Gaussian_s002,34.18,37.43,52.25,3.25,18.08
Gaussian_s002,34.12,38.9,51.65,4.78,17.53
Gaussian_s002,34.05,39.69,52.66,5.63,18.61
Gaussian_s002,34.17,38.38,53.17,4.21,19.0
Gaussian_s002,34.11,42.07,53.69,7.95,19.57
Gaussian_s002,34.1,40.96,51.16,6.86,17.07
Gaussian_s002,34.11,42.03,54.56,7.93,20.46
Gaussian_s002,34.13,38.87,48.5,4.74,14.37
Gaussian_s002,34.1,42.09,52.54,7.99,18.44
Gaussian_s002,34.18,36.3,47.5,2.12,13.32
Gaussian_s002,34.1,42.36,52.66,8.26,18.56
Gaussian_s002,34.06,38.8,55.16,4.73,21.1
Gaussian_s002,34.18,42.31,52.05,8.13,17.87
Gaussian_s002,34.1,36.64,55.33,2.54,21.23
Gaussian_s002,34.1,41.49,52.48,7.39,18.37
Gaussian_s002,34.07,38.84,50.82,4.76,16.75
Gaussian_s002,34.0,41.59,47.32,7.59,13.32
Gaussian_s002,34.06,44.46,50.64,10.4,16.58
Gaussian_s002,34.15,38.96,51.5,4.82,17.36
Gaussian_s002,34.14,40.14,52.24,6.0,18.1
Gaussian_s002,34.09,43.89,52.62,9.8,18.52
Gaussian_s002,34.05,30.5,53.24,3.54,19.19
Gaussian_s002,34.1,40.73,50.62,6.63,16.51
Gaussian_s002,34.08,40.6,50.54,6.52,16.46
Gaussian_s002,34.08,38.32,50.13,4.24,16.06
Gaussian_s002,34.11,44.67,49.19,10.56,15.08
Gaussian_s002,34.01,45.23,54.42,11.21,20.41
Gaussian_s002,34.11,41.99,44.4,7.88,10.29
Gaussian_s002,34.1,37.87,52.01,3.77,17.91
Gaussian_s002,34.11,42.67,51.7,8.56,17.59
Gaussian_s002,34.13,37.96,52.03,3.83,17.91
Gaussian_s002,34.19,49.69,51.47,15.5,17.28
Gaussian_s002,34.06,40.75,48.19,6.69,14.13
Gaussian_s002,34.07,43.34,53.89,9.27,19.82
Gaussian_s002,34.15,42.47,44.94,8.32,10.79
Gaussian_s002,34.08,43.04,52.1,8.96,18.01
Gaussian_s002,34.11,41.53,49.49,7.43,15.38
Gaussian_s002,34.07,36.3,49.35,2.22,15.27
Gaussian_s002,34.11,42.74,52.69,8.64,18.59
Gaussian_s002,34.11,40.28,49.56,6.18,15.46
Gaussian_s002,34.06,41.99,51.7,7.93,17.64
Gaussian_s002,34.11,34.66,53.41,0.54,19.29
Gaussian_s002,34.06,40.99,54.28,6.93,20.22
Gaussian_s002,34.15,43.32,54.13,9.17,19.99
Gaussian_s002,34.19,42.16,51.23,7.97,17.04
Gaussian_s002,34.03,42.46,53.78,8.43,19.74
Gaussian_s002,34.12,46.94,54.1,12.82,19.98
Gaussian_s002,34.06,43.48,53.97,9.42,19.92
Gaussian_s002,34.14,40.02,51.17,5.88,17.04
Gaussian_s002,34.16,44.56,53.61,10.41,19.46
Gaussian_s002,34.08,41.2,53.5,7.12,19.43
Gaussian_s002,34.16,44.82,51.54,10.66,17.39
Gaussian_s002,34.11,41.81,53.31,7.71,19.2
Gaussian_s002,34.11,39.89,51.49,5.78,17.38
Gaussian_s002,34.1,37.38,53.47,3.27,19.37
Gaussian_s002,34.12,34.08,54.18,0.05,20.06
Gaussian_s002,34.05,42.37,50.67,8.32,16.62
Gaussian_s002,34.09,43.9,51.4,9.81,17.31
Gaussian_s002,34.05,40.21,54.67,6.16,20.62
Gaussian_s002,34.1,40.13,52.69,6.03,18.59
Gaussian_s002,34.12,46.0,53.25,11.87,19.12
Gaussian_s002,34.19,48.33,47.92,14.14,13.73
Gaussian_s002,34.04,34.39,55.23,0.35,21.2
Gaussian_s002,34.09,43.68,52.71,9.59,18.62
Gaussian_s002,34.11,40.25,53.47,6.14,19.37
Gaussian_s002,34.14,38.01,48.0,3.87,13.86
Gaussian_s002,34.11,39.27,54.13,5.16,20.02
Gaussian_s002,34.12,35.44,53.99,1.32,19.88
Gaussian_s002,34.1,45.44,51.57,11.34,17.47
Gaussian_s002,33.98,39.45,54.84,5.46,20.86
Gaussian_s002,34.09,44.9,50.44,10.81,16.35
Gaussian_s002,34.08,38.0,51.38,3.92,17.3
Gaussian_s002,34.07,39.96,51.87,5.89,17.8
Gaussian_s002,34.07,41.09,51.57,7.02,17.5
Gaussian_s002,34.12,48.42,50.19,14.3,16.06
Gaussian_s002,34.02,43.73,52.95,9.71,18.92
Gaussian_s002,34.15,44.29,51.23,10.14,17.08
Gaussian_s002,34.08,37.07,55.08,2.98,20.99
Gaussian_s002,34.06,41.53,52.82,7.47,18.76
Gaussian_s002,34.07,41.71,52.6,7.64,18.53
Gaussian_s002,34.15,40.02,52.77,5.87,18.62
Gaussian_s002,34.15,42.03,54.6,7.88,20.45
Gaussian_s002,34.11,42.08,53.19,7.97,19.08
Gaussian_s002,34.1,41.59,50.57,7.49,16.47
Gaussian_s002,34.07,38.59,49.9,4.51,15.83
Gaussian_s002,34.08,43.59,52.09,9.5,18.01
Gaussian_s002,34.14,45.64,52.0,11.5,17.86
Gaussian_s002,34.09,39.93,52.39,5.84,18.3
Gaussian_s002,34.16,41.5,51.22,7.34,17.05
Gaussian_s002,34.1,42.47,54.0,8.38,19.9
Gaussian_s005,26.24,29.78,53.88,3.55,27.64
Gaussian_s005,26.21,28.4,53.37,2.2,27.16
Gaussian_s005,26.19,28.84,53.23,2.65,27.04
Gaussian_s005,26.31,28.16,52.85,1.85,26.53
Gaussian_s005,26.16,26.33,52.97,0.17,26.81
Gaussian_s005,26.22,26.75,52.72,0.53,26.5
Gaussian_s005,26.19,28.99,54.04,2.79,27.85
Gaussian_s005,26.28,30.69,54.05,4.4,27.76
Gaussian_s005,26.25,26.68,53.37,0.43,27.12
Gaussian_s005,26.11,26.48,52.18,0.37,26.07
Gaussian_s005,26.24,25.77,53.89,0.47,27.64
Gaussian_s005,26.21,28.59,53.34,2.39,27.13
Gaussian_s005,26.12,30.91,54.57,4.78,28.45
Gaussian_s005,26.23,28.49,52.93,2.26,26.7
Gaussian_s005,26.25,32.01,52.78,5.76,26.52
Gaussian_s005,26.32,26.02,50.66,0.3,24.33
Gaussian_s005,26.2,26.55,53.68,0.35,27.48
Gaussian_s005,26.21,27.05,53.03,0.84,26.82
Gaussian_s005,26.16,29.26,53.83,3.11,27.67
Gaussian_s005,26.26,26.43,54.27,0.17,28.01
Gaussian_s005,26.25,26.42,55.33,0.17,29.08
Gaussian_s005,26.16,32.85,56.02,6.69,29.86
Gaussian_s005,26.15,25.9,52.69,0.25,26.54
Gaussian_s005,26.21,33.2,55.14,6.99,28.93
Gaussian_s005,26.17,31.32,55.09,5.15,28.92
Gaussian_s005,26.24,25.92,52.84,0.33,26.59
Gaussian_s005,26.22,26.2,53.9,0.02,27.69
Gaussian_s005,26.13,25.89,54.51,0.24,28.38
Gaussian_s005,26.22,25.83,54.55,0.39,28.33
Gaussian_s005,26.29,32.65,50.73,6.36,24.44
Gaussian_s005,26.23,26.26,54.87,0.03,28.64
Gaussian_s005,26.23,26.67,52.77,0.43,26.54
Gaussian_s005,26.22,25.9,54.4,0.32,28.18
Gaussian_s005,26.21,28.29,54.23,2.08,28.02
Gaussian_s005,26.25,35.81,54.43,9.56,28.19
Gaussian_s005,26.23,26.4,54.04,0.17,27.81
Gaussian_s005,26.15,30.47,53.99,4.33,27.84
Gaussian_s005,26.18,30.21,54.02,4.04,27.85
Gaussian_s005,26.19,25.41,54.82,0.78,28.63
Gaussian_s005,26.14,36.62,55.07,10.48,28.92
Gaussian_s005,26.15,25.9,54.77,0.26,28.62
Gaussian_s005,26.21,25.92,54.28,0.29,28.07
Gaussian_s005,26.22,26.61,54.53,0.38,28.31
Gaussian_s005,26.26,32.17,54.4,5.9,28.14
Gaussian_s005,26.19,27.18,54.4,0.99,28.22
Gaussian_s005,26.23,26.35,52.16,0.12,25.92
Gaussian_s005,26.18,33.91,54.19,7.73,28.01
Gaussian_s005,26.21,27.06,54.61,0.85,28.4
Gaussian_s005,26.17,26.26,52.31,0.09,26.14
Gaussian_s005,26.29,27.21,51.74,0.92,25.46
Gaussian_s005,26.19,29.18,55.21,2.98,29.01
Gaussian_s005,26.24,25.92,53.27,0.32,27.03
Gaussian_s005,26.39,31.19,49.48,4.8,23.09
Gaussian_s005,26.14,35.27,55.33,9.13,29.19
Gaussian_s005,26.15,38.07,54.29,11.92,28.14
Gaussian_s005,26.14,28.01,53.23,1.87,27.09
Gaussian_s005,26.27,26.19,54.0,0.08,27.73
Gaussian_s005,26.18,30.22,55.41,4.04,29.23
Gaussian_s005,26.25,28.36,52.63,2.11,26.39
Gaussian_s005,26.27,32.32,54.66,6.04,28.39
Gaussian_s005,26.26,26.7,50.88,0.45,24.62
Gaussian_s005,26.3,27.89,54.06,1.59,27.76
Gaussian_s005,26.22,33.0,55.69,6.78,29.47
Gaussian_s005,26.27,34.38,53.68,8.11,27.41
Gaussian_s005,26.17,34.02,54.21,7.85,28.04
Gaussian_s005,26.16,27.51,54.77,1.36,28.61
Gaussian_s005,26.19,28.97,54.74,2.77,28.55
Gaussian_s005,26.18,27.14,54.63,0.96,28.46
Gaussian_s005,26.17,30.05,51.71,3.87,25.53
Gaussian_s005,26.25,29.11,53.83,2.85,27.58
Gaussian_s005,26.2,26.96,53.5,0.76,27.3
Gaussian_s005,26.24,27.72,53.87,1.49,27.64
Gaussian_s005,26.19,31.82,54.88,5.64,28.7
Gaussian_s005,26.25,32.4,53.54,6.15,27.3
Gaussian_s005,26.19,26.78,54.8,0.59,28.61
Gaussian_s005,26.22,27.9,55.47,1.68,29.25
Gaussian_s005,26.22,25.21,51.41,1.01,25.19
Gaussian_s005,26.22,26.06,55.02,0.15,28.81
Gaussian_s005,26.22,34.82,54.14,8.6,27.91
Gaussian_s005,26.19,27.19,52.89,1.0,26.7
Gaussian_s005,26.19,35.38,53.88,9.19,27.69
Gaussian_s005,26.21,25.39,53.67,0.82,27.47
Gaussian_s005,26.19,30.94,54.03,4.75,27.84
Gaussian_s005,26.21,29.48,53.08,3.28,26.87
Gaussian_s005,26.23,30.95,55.37,4.71,29.13
Gaussian_s005,26.16,32.48,54.73,6.33,28.58
Gaussian_s005,26.25,29.44,53.1,3.19,26.85
Gaussian_s005,26.26,25.9,52.55,0.36,26.29
Gaussian_s005,26.3,30.97,53.37,4.67,27.07
Gaussian_s005,26.18,27.15,53.61,0.96,27.43
Gaussian_s005,26.24,26.06,53.74,0.17,27.51
Gaussian_s005,26.13,26.71,53.7,0.58,27.57
Gaussian_s005,26.17,25.95,53.78,0.22,27.61
Gaussian_s005,26.25,27.44,55.01,1.19,28.76
Gaussian_s005,26.18,35.97,55.67,9.79,29.49
Gaussian_s005,26.23,31.09,54.58,4.86,28.35
Gaussian_s005,26.23,34.62,55.51,8.39,29.28
Gaussian_s005,26.2,28.25,53.93,2.05,27.73
Gaussian_s005,26.23,26.26,54.31,0.03,28.08
Gaussian_s005,26.28,27.19,54.66,0.91,28.38
Gaussian_s005,26.18,34.12,55.18,7.95,29.0
Gaussian_s005,26.19,26.47,53.35,0.28,27.16
Gaussian_s005,26.11,29.05,54.04,2.94,27.93
Gaussian_s005,26.16,28.29,53.79,2.12,27.63
Gaussian_s005,26.16,28.99,53.14,2.84,26.98
Gaussian_s005,26.21,32.14,55.39,5.93,29.18
Gaussian_s005,26.17,27.87,54.43,1.7,28.26
Gaussian_s005,26.24,26.33,53.81,0.09,27.57
Gaussian_s005,26.16,26.01,53.68,0.15,27.52
Gaussian_s005,26.18,27.39,53.78,1.21,27.6
Gaussian_s005,26.16,32.73,53.38,6.57,27.21
Gaussian_s005,26.18,33.12,54.5,6.94,28.32
Gaussian_s005,26.24,27.23,52.81,0.99,26.57
Gaussian_s005,26.26,27.8,54.47,1.54,28.21
Gaussian_s005,26.22,29.12,53.82,2.9,27.59
Gaussian_s005,26.2,32.62,53.64,6.42,27.44
Gaussian_s005,26.12,26.17,53.22,0.06,27.1
Gaussian_s005,26.17,31.3,54.18,5.13,28.01
Gaussian_s005,26.16,32.71,55.13,6.54,28.97
Gaussian_s005,26.27,34.05,54.25,7.78,27.98
Gaussian_s005,26.11,26.15,52.66,0.04,26.55
Gaussian_s005,26.18,25.43,53.78,0.75,27.6
Gaussian_s005,26.15,33.05,54.63,6.9,28.48
Gaussian_s005,26.24,27.27,52.94,1.03,26.71
Gaussian_s005,26.27,30.5,53.89,4.23,27.62
Gaussian_s005,26.19,26.86,53.25,0.67,27.05
Gaussian_s005,26.26,28.08,53.59,1.81,27.33
Gaussian_s005,26.23,29.48,55.47,3.24,29.23
Gaussian_s005,26.14,25.83,54.97,0.32,28.83
Gaussian_s005,26.18,26.23,54.27,0.05,28.08
Gaussian_s005,26.21,28.03,52.4,1.82,26.19
Gaussian_s005,26.23,26.65,53.14,0.42,26.91
Gaussian_s005,26.18,34.52,53.17,8.34,26.99
Gaussian_s005,26.24,26.12,53.74,0.12,27.49
Gaussian_s005,26.31,26.84,51.6,0.53,25.29
Gaussian_s005,26.2,29.59,54.48,3.39,28.29
Gaussian_s005,26.22,37.29,52.76,11.07,26.54
Gaussian_s005,26.2,28.6,53.52,2.4,27.32
Gaussian_s005,26.18,25.77,51.63,0.4,25.45
Gaussian_s005,26.15,26.27,54.43,0.12,28.28
Gaussian_s005,26.23,32.68,54.64,6.45,28.41
Gaussian_s005,26.25,33.42,54.37,7.17,28.13
Gaussian_s005,26.19,27.55,54.83,1.36,28.64
Gaussian_s005,26.15,32.9,54.6,6.75,28.45
Gaussian_s005,26.33,25.94,51.38,0.39,25.04
Gaussian_s005,26.18,31.49,53.79,5.32,27.61
Gaussian_s005,26.23,28.2,54.2,1.97,27.97
Gaussian_s005,26.24,32.81,55.0,6.56,28.75
Gaussian_s005,26.19,30.23,55.27,4.04,29.08
Gaussian_s005,26.24,26.88,55.02,0.65,28.79
Gaussian_s005,26.2,30.08,54.3,3.89,28.1
Gaussian_s005,26.14,26.0,54.3,0.14,28.16
Gaussian_s005,26.2,27.04,54.59,0.84,28.39
Gaussian_s005,26.2,28.42,52.95,2.23,26.76
Gaussian_s005,26.17,30.39,53.55,4.22,27.37
Gaussian_s005,26.29,28.51,52.01,2.23,25.72
Gaussian_s005,26.21,27.49,53.6,1.28,27.39
Gaussian_s005,26.21,38.95,55.04,12.74,28.83
Gaussian_s005,26.22,33.69,54.25,7.47,28.03
Gaussian_s005,26.21,26.65,55.53,0.44,29.32
Gaussian_s005,26.23,25.7,52.6,0.52,26.37
Gaussian_s005,26.27,32.76,51.54,6.5,25.27
Gaussian_s005,26.28,27.17,52.66,0.89,26.38
Gaussian_s005,26.12,30.94,55.0,4.81,28.87
Gaussian_s005,26.45,28.43,50.29,1.99,23.84
Gaussian_s005,26.33,33.73,53.73,7.4,27.39
Gaussian_s005,26.27,26.35,53.89,0.08,27.62
Gaussian_s005,26.15,26.11,54.01,0.04,27.86
Gaussian_s005,26.23,32.04,52.59,5.81,26.36
Gaussian_s005,26.23,28.69,54.12,2.46,27.89
Gaussian_s005,26.21,25.4,54.4,0.81,28.19
Gaussian_s005,26.24,26.49,54.63,0.25,28.4
Gaussian_s005,26.18,25.94,54.48,0.24,28.3
Gaussian_s005,26.14,26.72,55.29,0.59,29.15
Gaussian_s005,26.17,30.71,52.46,4.53,26.29
Gaussian_s005,26.31,25.97,53.5,0.34,27.19
Gaussian_s005,26.22,25.82,51.09,0.4,24.87
Gaussian_s005,26.25,29.86,53.93,3.61,27.68
Gaussian_s005,26.2,31.4,53.42,5.2,27.22
Gaussian_s005,26.18,28.08,51.7,1.9,25.52
Gaussian_s005,26.17,27.31,53.53,1.14,27.37
Gaussian_s005,26.17,29.12,52.99,2.95,26.82
Gaussian_s005,26.21,26.32,53.63,0.11,27.42
Gaussian_s005,26.24,27.37,49.64,1.13,23.4
Gaussian_s005,26.25,27.1,53.93,0.85,27.68
Gaussian_s005,26.23,33.51,53.69,7.29,27.46
Gaussian_s005,26.27,27.15,53.3,0.88,27.03
Gaussian_s005,26.38,26.03,53.42,0.35,27.04
Gaussian_s005,26.25,36.01,55.05,9.76,28.8
Gaussian_s005,26.23,27.83,52.73,1.6,26.5
Gaussian_s005,26.25,26.26,54.12,0.01,27.86
Gaussian_s005,26.25,25.8,52.85,0.45,26.6
Gaussian_s005,26.19,28.73,53.71,2.53,27.51
Gaussian_s005,26.24,31.63,54.32,5.39,28.08
Gaussian_s005,26.13,27.53,54.66,1.41,28.53
Gaussian_s005,26.14,31.92,55.23,5.78,29.08
Gaussian_s005,26.3,28.74,53.81,2.44,27.51
Gaussian_s005,26.28,25.94,54.46,0.34,28.18
Gaussian_s005,26.22,25.79,52.75,0.43,26.52
Gaussian_s005,26.15,30.1,53.75,3.95,27.61
Gaussian_s005,26.29,26.61,54.24,0.31,27.95
Gaussian_s005,26.18,25.9,53.77,0.28,27.59
Gaussian_s005,26.2,26.26,53.61,0.06,27.41
Gaussian_s005,26.18,27.02,53.72,0.84,27.54
Gaussian_s005,26.22,29.86,55.25,3.64,29.03
Gaussian_s005,26.25,25.98,54.49,0.27,28.25
Gaussian_s005,26.14,32.12,53.96,5.98,27.81
Gaussian_s005,26.21,26.71,54.86,0.5,28.65
Gaussian_s005,26.1,25.96,52.34,0.14,26.23
Gaussian_s005,26.19,34.64,54.44,8.45,28.25
Gaussian_s005,26.39,30.87,51.33,4.49,24.94
Gaussian_s005,26.16,26.45,51.21,0.29,25.05
Gaussian_s005,26.12,26.27,54.36,0.15,28.23
Gaussian_s005,26.17,30.95,54.17,4.78,28.0
Gaussian_s005,26.27,35.02,53.39,8.76,27.13
Gaussian_s005,26.17,26.4,55.85,0.23,29.68
Gaussian_s005,26.31,33.2,51.59,6.9,25.29
Gaussian_s005,26.19,29.11,53.99,2.92,27.81
Gaussian_s005,26.19,27.54,52.37,1.35,26.18
Gaussian_s005,26.24,30.78,53.82,4.55,27.58
Gaussian_s005,26.19,30.28,55.13,4.08,28.93
Gaussian_s005,26.23,26.31,54.12,0.08,27.89
Gaussian_s005,26.2,26.38,52.9,0.18,26.7
Gaussian_s005,26.23,28.11,54.85,1.87,28.62
Gaussian_s005,26.17,30.61,54.76,4.44,28.59
Gaussian_s005,26.13,26.96,54.73,0.83,28.6
Gaussian_s005,26.17,25.92,53.13,0.25,26.96
Gaussian_s005,26.15,31.28,54.49,5.13,28.34
Gaussian_s005,26.16,26.01,54.31,0.15,28.15
Gaussian_s005,26.26,33.06,53.18,6.79,26.92
Gaussian_s005,26.11,26.37,54.06,0.26,27.95
Gaussian_s005,26.29,25.96,53.56,0.32,27.28
Gaussian_s005,26.26,26.4,52.7,0.14,26.44
Gaussian_s005,26.21,27.21,53.29,1.0,27.08
Gaussian_s005,26.15,28.65,53.66,2.51,27.51
Gaussian_s005,26.26,27.33,53.72,1.07,27.46
Gaussian_s005,26.33,31.51,53.71,5.18,27.38
Gaussian_s005,26.08,26.14,53.28,0.06,27.2
Gaussian_s005,26.18,26.6,53.85,0.42,27.67
Gaussian_s005,26.23,26.03,52.62,0.2,26.39
Gaussian_s005,26.17,26.82,54.25,0.65,28.07
Gaussian_s005,26.23,28.48,54.55,2.24,28.31
Gaussian_s005,26.21,26.48,53.99,0.27,27.77
Gaussian_s005,26.21,27.94,54.24,1.73,28.04
Gaussian_s005,26.19,28.1,55.71,1.91,29.53
Gaussian_s005,26.2,36.94,52.73,10.74,26.53
Gaussian_s005,26.22,30.66,54.42,4.44,28.21
Gaussian_s005,26.23,28.47,53.32,2.24,27.09
Gaussian_s005,26.23,30.01,54.14,3.79,27.92
Gaussian_s005,26.28,27.01,54.34,0.73,28.06
Gaussian_s005,26.13,32.02,55.42,5.89,29.29
Gaussian_s005,26.22,28.92,54.69,2.7,28.47
Gaussian_s005,26.18,26.96,54.44,0.78,28.26
Gaussian_s005,26.2,28.4,53.3,2.2,27.09
Gaussian_s005,26.17,28.14,56.44,1.96,30.27
Gaussian_s005,26.22,28.46,54.36,2.24,28.14
Gaussian_s005,26.18,27.09,51.05,0.92,24.87
Gaussian_s005,26.26,26.05,53.16,0.21,26.9
Gaussian_s005,26.28,31.92,53.31,5.64,27.03
Gaussian_s005,26.32,28.55,53.88,2.23,27.56
Gaussian_s005,26.13,26.78,53.46,0.65,27.33
Gaussian_s005,26.21,26.69,54.59,0.48,28.38
Gaussian_s005,26.22,32.37,52.26,6.16,26.05
Gaussian_s005,26.18,25.75,50.62,0.43,24.44
Gaussian_s005,26.18,26.34,54.39,0.16,28.22
Gaussian_s005,26.13,30.43,52.52,4.3,26.39
Gaussian_s005,26.19,29.17,55.52,2.98,29.32
Gaussian_s005,26.15,30.49,54.38,4.34,28.23
Gaussian_s005,26.25,27.42,53.38,1.17,27.13
Gaussian_s005,26.26,38.78,54.81,12.52,28.55
Gaussian_s005,26.14,31.29,54.87,5.15,28.73
Gaussian_s005,26.15,26.37,53.81,0.22,27.66
Gaussian_s005,26.23,26.56,50.73,0.32,24.49
Gaussian_s005,26.2,28.44,52.95,2.24,26.75
Gaussian_s005,26.21,25.8,53.18,0.41,26.97
Gaussian_s005,26.2,30.76,53.28,4.56,27.08
Gaussian_s005,26.19,30.41,55.28,4.22,29.09
Gaussian_s005,26.17,30.35,54.53,4.18,28.37
Gaussian_s005,26.13,31.78,53.8,5.64,27.67
Gaussian_s005,26.24,29.84,54.24,3.6,28.0
Gaussian_s005,26.17,27.71,53.69,1.54,27.52
Gaussian_s005,26.29,30.25,51.15,3.96,24.85
Gaussian_s005,26.19,30.33,51.85,4.15,25.66
Gaussian_s005,26.32,35.62,53.41,9.3,27.09
Gaussian_s005,26.26,28.92,53.79,2.66,27.53
Gaussian_s005,26.25,34.68,52.84,8.43,26.59
Gaussian_s005,26.28,26.53,53.42,0.25,27.14
Gaussian_s005,26.12,28.65,54.56,2.53,28.44
Gaussian_s005,26.19,26.09,53.99,0.1,27.8
Gaussian_s005,26.1,37.47,54.13,11.36,28.03
Gaussian_s005,26.23,26.07,53.24,0.16,27.01
Gaussian_s005,26.17,28.09,49.29,1.92,23.12
Gaussian_s005,26.2,31.81,52.6,5.62,26.4
Gaussian_s005,26.19,26.32,54.68,0.12,28.49
Gaussian_s005,26.33,26.12,53.61,0.21,27.28
Gaussian_s005,26.15,29.72,54.72,3.56,28.57
Gaussian_s005,26.2,26.74,53.64,0.55,27.45
Gaussian_s005,26.13,27.39,54.46,1.26,28.32
Gaussian_s005,26.16,29.59,52.81,3.42,26.64
Gaussian_s005,26.23,26.28,54.01,0.06,27.79
Gaussian_s005,26.23,25.78,52.91,0.45,26.68
Gaussian_s005,26.22,26.98,53.9,0.75,27.67
Gaussian_s005,26.26,30.91,54.3,4.65,28.04
Gaussian_s005,26.2,32.9,53.13,6.7,26.94
Gaussian_s005,26.15,28.07,54.19,1.92,28.04
Gaussian_s005,26.23,25.43,52.68,0.8,26.45
Gaussian_s005,26.2,27.15,52.75,0.96,26.55
Gaussian_s005,26.29,26.17,54.36,0.12,28.07
Gaussian_s005,26.2,30.24,53.21,4.04,27.01
Gaussian_s005,26.24,26.49,53.62,0.25,27.38
Gaussian_s005,26.13,26.72,52.79,0.59,26.66
Gaussian_s005,26.38,30.05,51.66,3.67,25.28
Gaussian_s005,26.09,28.25,53.23,2.16,27.14
Gaussian_s005,26.19,26.12,54.42,0.07,28.23
Gaussian_s005,26.22,27.99,54.86,1.77,28.63
Gaussian_s005,26.19,28.37,53.75,2.17,27.55
Gaussian_s005,26.2,25.74,53.65,0.46,27.45
Gaussian_s005,26.25,35.92,53.05,9.67,26.8
Gaussian_s005,26.23,32.16,53.67,5.93,27.43
Gaussian_s005,26.17,26.04,54.32,0.14,28.15
Gaussian_s005,26.2,26.46,52.83,0.26,26.63
Gaussian_s005,26.35,26.17,50.85,0.18,24.5
Gaussian_s005,26.3,36.3,51.83,10.01,25.53
Gaussian_s005,26.12,30.38,55.11,4.26,28.99
Gaussian_s005,26.21,26.51,52.19,0.3,25.98
Gaussian_s005,26.28,30.09,54.3,3.8,28.01
Gaussian_s005,26.21,28.69,54.74,2.49,28.53
Gaussian_s005,26.15,26.71,53.02,0.56,26.86
Gaussian_s005,26.26,26.52,53.01,0.26,26.75
Gaussian_s005,26.28,30.78,52.78,4.5,26.5
Gaussian_s005,26.24,24.33,53.55,1.9,27.31
Gaussian_s005,26.15,26.86,55.87,0.71,29.72
Gaussian_s005,26.12,27.82,54.42,1.7,28.3
Gaussian_s005,26.18,27.11,54.27,0.92,28.09
Gaussian_s005,26.19,25.94,52.67,0.25,26.47
Gaussian_s005,26.23,27.16,53.54,0.92,27.31
Gaussian_s005,26.18,30.81,55.02,4.63,28.84
Gaussian_s005,26.17,30.61,54.54,4.44,28.37
Gaussian_s005,26.18,27.75,52.85,1.57,26.67
Gaussian_s005,26.12,39.9,52.31,13.78,26.19
Gaussian_s005,26.28,30.42,52.5,4.14,26.21
Gaussian_s005,26.28,26.06,50.75,0.22,24.47
Gaussian_s005,26.16,31.36,54.94,5.19,28.78
Gaussian_s005,26.21,30.12,52.59,3.91,26.38
Gaussian_s005,26.19,39.89,52.98,13.7,26.78
Gaussian_s005,26.2,43.51,53.99,17.31,27.79
Gaussian_s005,26.17,28.61,55.24,2.44,29.07
Gaussian_s005,26.2,38.53,54.75,12.33,28.55
Gaussian_s005,26.14,26.16,54.87,0.02,28.73
Gaussian_s005,26.17,34.81,54.08,8.64,27.9
Gaussian_s005,26.27,26.97,51.81,0.7,25.55
Gaussian_s005,26.21,26.3,54.55,0.09,28.35
Gaussian_s005,26.27,25.82,53.71,0.45,27.44
Gaussian_s005,26.21,26.03,54.22,0.18,28.02
Gaussian_s005,26.22,26.52,52.48,0.3,26.27
Gaussian_s005,26.2,27.96,55.14,1.77,28.94
Gaussian_s005,26.13,27.55,54.23,1.42,28.09
Gaussian_s005,26.24,32.51,54.72,6.27,28.48
Gaussian_s005,26.28,25.68,53.87,0.6,27.59
Gaussian_s005,26.26,26.47,52.75,0.21,26.49
Gaussian_s005,26.15,26.93,52.64,0.78,26.49
Gaussian_s005,26.27,29.68,52.59,3.42,26.32
Gaussian_s005,26.3,25.89,53.0,0.42,26.69
Gaussian_s005,26.18,27.82,53.65,1.63,27.47
Gaussian_s005,26.3,30.94,53.46,4.64,27.16
Gaussian_s005,26.33,26.23,52.44,0.1,26.11
Gaussian_s005,26.19,28.49,55.18,2.3,28.99
Gaussian_s005,26.26,25.89,53.99,0.37,27.73
Gaussian_s005,26.17,28.09,54.1,1.91,27.93
Gaussian_s005,26.18,35.81,55.4,9.63,29.22
Gaussian_s005,26.17,26.11,54.55,0.07,28.38
Gaussian_s005,26.14,31.01,53.11,4.87,26.96
Gaussian_s005,26.12,26.91,54.62,0.79,28.5
Gaussian_s005,26.32,26.99,52.56,0.67,26.24
Gaussian_s005,26.28,26.01,54.37,0.26,28.09
Gaussian_s005,26.18,25.79,52.83,0.39,26.65
Gaussian_s005,26.16,36.16,54.44,10.0,28.28
Gaussian_s005,26.18,25.9,52.31,0.28,26.13
Gaussian_s005,26.23,33.79,54.14,7.56,27.91
Gaussian_s005,26.24,27.02,54.47,0.79,28.23
Gaussian_s005,26.11,26.43,54.08,0.32,27.97
Gaussian_s005,26.18,30.07,54.01,3.89,27.83
Gaussian_s005,26.2,25.95,54.09,0.25,27.9
Gaussian_s005,26.1,32.51,54.68,6.4,28.57
Gaussian_s005,26.22,26.14,53.26,0.08,27.04
Gaussian_s005,26.18,25.92,54.32,0.26,28.14
Gaussian_s005,26.36,30.12,52.26,3.76,25.9
Gaussian_s005,26.24,26.19,52.86,0.05,26.62
Gaussian_s005,26.17,26.86,54.65,0.69,28.47
Gaussian_s005,26.26,33.06,54.55,6.8,28.29
Gaussian_s005,26.14,29.53,53.51,3.38,27.37
Gaussian_s005,26.21,27.38,53.76,1.17,27.54
Gaussian_s005,26.21,26.86,54.09,0.64,27.88
Gaussian_s005,26.23,29.24,53.22,3.01,26.99
Gaussian_s005,26.11,27.36,53.51,1.25,27.4
Gaussian_s005,26.18,28.77,53.44,2.59,27.26
Gaussian_s005,26.23,25.83,53.73,0.4,27.5
Gaussian_s005,26.26,26.9,52.11,0.64,25.86
Gaussian_s005,26.11,28.57,55.68,2.46,29.56
Gaussian_s005,26.12,32.84,54.01,6.72,27.89
Gaussian_s005,26.18,27.0,54.59,0.82,28.41
Gaussian_s005,26.16,31.33,53.96,5.16,27.8
Gaussian_s005,26.17,25.87,53.98,0.3,27.81
Gaussian_s005,26.19,29.33,53.96,3.13,27.77
Gaussian_s005,26.26,31.21,54.72,4.95,28.46
Gaussian_s005,26.25,25.31,53.15,0.94,26.9
Gaussian_s005,26.25,26.01,53.64,0.24,27.39
Gaussian_s005,26.19,26.35,52.08,0.16,25.89
Gaussian_s005,26.17,26.04,52.53,0.13,26.36
Gaussian_s005,26.18,29.87,55.09,3.69,28.9
Gaussian_s005,26.19,25.65,53.46,0.55,27.26
Gaussian_s005,26.24,26.1,53.62,0.14,27.38
Gaussian_s005,26.16,32.61,55.12,6.45,28.96
Gaussian_s005,26.15,26.29,53.4,0.13,27.24
Gaussian_s005,26.18,34.31,52.64,8.13,26.46
Gaussian_s005,26.21,27.31,53.0,1.1,26.8
Gaussian_s005,26.16,26.66,52.92,0.51,26.77
Gaussian_s005,26.29,26.27,53.56,0.02,27.26
Gaussian_s005,26.2,30.75,55.5,4.55,29.29
Gaussian_s005,26.17,28.32,54.09,2.15,27.92
Gaussian_s005,26.25,26.48,54.06,0.23,27.81
Gaussian_s005,26.18,29.18,55.17,2.99,28.99
Gaussian_s005,26.31,36.32,53.97,10.0,27.66
Gaussian_s005,26.16,27.16,54.13,1.0,27.96
Gaussian_s005,26.24,26.65,52.23,0.41,25.99
Gaussian_s005,26.24,27.49,55.7,1.25,29.46
Gaussian_s005,26.25,26.47,53.52,0.23,27.28
Gaussian_s005,26.23,27.44,53.32,1.21,27.09
Gaussian_s005,26.21,29.69,53.78,3.48,27.57
Gaussian_s005,26.14,26.51,54.82,0.37,28.68
Gaussian_s005,26.19,26.61,54.36,0.42,28.17
Gaussian_s005,26.2,26.86,54.55,0.66,28.35
Gaussian_s005,26.22,31.73,53.67,5.51,27.45
Gaussian_s005,26.16,26.85,54.73,0.69,28.57
Gaussian_s005,26.24,25.83,52.44,0.41,26.2
Gaussian_s005,26.16,27.77,53.14,1.61,26.98
Gaussian_s005,26.24,37.65,54.89,11.41,28.65
Gaussian_s005,26.3,29.48,53.33,3.18,27.04
Gaussian_s005,26.11,25.61,53.93,0.5,27.82
Gaussian_s005,26.31,27.28,52.69,0.98,26.39
Gaussian_s005,26.21,26.16,53.01,0.05,26.81
Gaussian_s005,26.19,35.52,54.59,9.34,28.41
Gaussian_s005,26.16,29.45,54.95,3.29,28.79
Gaussian_s005,26.2,31.42,54.47,5.22,28.27
Gaussian_s005,26.16,26.03,53.37,0.13,27.21
Gaussian_s005,26.29,33.12,54.04,6.83,27.75
Gaussian_s005,26.15,27.96,55.01,1.82,28.87
Gaussian_s005,26.22,26.44,54.97,0.21,28.74
Gaussian_s005,26.15,28.81,55.41,2.66,29.26
Gaussian_s005,26.22,35.34,54.23,9.12,28.01
Gaussian_s010,20.63,20.27,52.71,0.37,32.08
Gaussian_s010,20.27,20.66,55.11,0.39,34.84
Gaussian_s010,20.44,19.86,54.72,0.57,34.28
Gaussian_s010,20.32,19.85,54.83,0.47,34.51
Gaussian_s010,20.41,20.15,55.18,0.26,34.77
Gaussian_s010,20.37,19.91,55.5,0.46,35.13
Gaussian_s010,20.3,19.74,54.94,0.56,34.64
Gaussian_s010,20.23,19.85,55.38,0.38,35.15
Gaussian_s010,20.41,19.75,55.07,0.67,34.66
Gaussian_s010,20.27,19.78,54.8,0.48,34.54
Gaussian_s010,20.4,20.92,55.48,0.52,35.09
Gaussian_s010,20.31,20.02,55.01,0.29,34.7
Gaussian_s010,20.35,20.27,54.53,0.08,34.18
Gaussian_s010,20.43,19.98,54.63,0.44,34.2
Gaussian_s010,20.47,20.2,54.9,0.27,34.43
Gaussian_s010,20.39,20.67,55.49,0.28,35.1
Gaussian_s010,20.29,20.26,55.2,0.04,34.91
Gaussian_s010,20.38,19.6,54.48,0.77,34.1
Gaussian_s010,20.4,19.91,54.01,0.49,33.6
Gaussian_s010,20.29,20.58,55.17,0.29,34.88
Gaussian_s010,20.52,19.82,54.47,0.71,33.95
Gaussian_s010,20.31,20.05,55.46,0.26,35.16
Gaussian_s010,20.33,19.95,55.17,0.39,34.84
Gaussian_s010,20.51,20.21,54.84,0.31,34.33
Gaussian_s010,20.49,21.19,54.14,0.7,33.65
Gaussian_s010,20.34,19.57,55.15,0.76,34.81
Gaussian_s010,20.33,20.13,54.74,0.2,34.41
Gaussian_s010,20.35,19.62,54.12,0.73,33.76
Gaussian_s010,20.38,19.88,55.61,0.5,35.22
Gaussian_s010,20.34,19.86,54.79,0.48,34.45
Gaussian_s010,20.32,19.68,54.46,0.64,34.14
Gaussian_s010,20.25,19.62,54.66,0.63,34.41
Gaussian_s010,20.34,19.93,54.87,0.41,34.53
Gaussian_s010,20.36,19.99,54.67,0.37,34.31
Gaussian_s010,20.21,21.15,55.69,0.94,35.48
Gaussian_s010,20.3,19.38,55.59,0.92,35.3
Gaussian_s010,20.37,20.11,53.85,0.27,33.48
Gaussian_s010,20.35,19.8,54.26,0.55,33.92
Gaussian_s010,20.34,20.29,55.19,0.05,34.85
Gaussian_s010,20.29,19.89,55.46,0.4,35.17
Gaussian_s010,20.39,20.44,54.36,0.05,33.96
Gaussian_s010,20.51,20.31,54.49,0.2,33.98
Gaussian_s010,20.31,19.84,53.82,0.46,33.51
Gaussian_s010,20.35,20.87,55.73,0.52,35.37
Gaussian_s010,20.38,19.94,55.85,0.44,35.47
Gaussian_s010,20.38,21.57,54.79,1.18,34.41
Gaussian_s010,20.26,19.5,55.11,0.75,34.86
Gaussian_s010,20.42,20.37,55.02,0.05,34.6
Gaussian_s010,20.38,19.41,54.86,0.97,34.48
Gaussian_s010,20.28,20.62,55.17,0.34,34.89
Gaussian_s010,20.41,20.08,55.02,0.33,34.61
Gaussian_s010,20.41,19.9,54.85,0.51,34.44
Gaussian_s010,20.37,22.52,55.9,2.14,35.52
Gaussian_s010,20.34,21.14,54.62,0.79,34.28
Gaussian_s010,20.48,19.9,54.74,0.58,34.26
Gaussian_s010,20.33,20.05,56.02,0.28,35.68
Gaussian_s010,20.35,20.41,55.52,0.06,35.17
Gaussian_s010,20.35,20.2,54.5,0.15,34.15
Gaussian_s010,20.44,20.27,54.26,0.17,33.82
Gaussian_s010,20.28,19.83,55.81,0.45,35.53
Gaussian_s010,20.39,20.4,55.27,0.0,34.88
Gaussian_s010,20.24,20.37,54.98,0.13,34.74
Gaussian_s010,20.22,21.4,54.67,1.18,34.45
Gaussian_s010,20.38,19.43,54.33,0.94,33.95
Gaussian_s010,20.44,20.21,55.54,0.23,35.11
Gaussian_s010,20.62,19.99,53.87,0.62,33.25
Gaussian_s010,20.55,19.65,52.43,0.9,31.88
Gaussian_s010,20.25,19.96,55.87,0.29,35.62
Gaussian_s010,20.43,20.46,54.36,0.03,33.93
Gaussian_s010,20.39,20.11,54.36,0.28,33.97
Gaussian_s010,20.49,19.85,55.46,0.64,34.97
Gaussian_s010,20.35,19.77,55.72,0.58,35.38
Gaussian_s010,20.32,20.42,55.07,0.1,34.75
Gaussian_s010,20.36,19.81,55.76,0.55,35.41
Gaussian_s010,20.38,19.38,54.97,1.0,34.58
Gaussian_s010,20.31,20.15,55.67,0.15,35.36
Gaussian_s010,20.32,19.53,54.99,0.78,34.67
Gaussian_s010,20.36,21.62,55.13,1.25,34.76
Gaussian_s010,20.27,20.03,54.97,0.24,34.69
Gaussian_s010,20.31,19.84,54.42,0.46,34.11
Gaussian_s010,20.26,19.92,54.81,0.34,34.55
Gaussian_s010,20.33,22.01,55.68,1.68,35.35
Gaussian_s010,20.48,20.02,55.52,0.46,35.04
Gaussian_s010,20.34,19.63,55.15,0.71,34.81
Gaussian_s010,20.33,23.2,55.52,2.87,35.18
Gaussian_s010,20.26,19.95,55.6,0.31,35.34
Gaussian_s010,20.32,19.99,54.72,0.33,34.4
Gaussian_s010,20.36,20.34,54.99,0.02,34.63
Gaussian_s010,20.41,19.69,55.16,0.72,34.75
Gaussian_s010,20.46,19.9,54.68,0.55,34.22
Gaussian_s010,20.3,19.75,55.25,0.54,34.95
Gaussian_s010,20.29,19.78,55.29,0.52,35.0
Gaussian_s010,20.43,20.09,54.34,0.34,33.91
Gaussian_s010,20.31,19.92,54.94,0.39,34.63
Gaussian_s010,20.29,20.08,55.4,0.21,35.11
Gaussian_s010,20.39,20.06,54.52,0.33,34.14
Gaussian_s010,20.27,19.9,55.26,0.37,34.98
Gaussian_s010,20.3,19.82,55.38,0.49,35.08
Gaussian_s010,20.33,20.14,55.71,0.19,35.38
Gaussian_s010,20.37,21.04,55.67,0.67,35.31
Gaussian_s010,20.31,20.02,55.99,0.29,35.68
Gaussian_s010,20.36,20.1,54.87,0.26,34.51
Gaussian_s010,20.67,19.79,52.0,0.88,31.34
Gaussian_s010,20.34,20.34,55.23,0.0,34.88
Gaussian_s010,20.3,19.59,55.9,0.71,35.6
Gaussian_s010,20.32,20.68,55.55,0.36,35.23
Gaussian_s010,20.29,19.56,55.06,0.73,34.77
Gaussian_s010,20.26,20.2,55.92,0.06,35.66
Gaussian_s010,20.32,20.19,54.71,0.13,34.39
Gaussian_s010,20.35,21.01,55.54,0.66,35.19
Gaussian_s010,20.36,19.83,54.39,0.53,34.03
Gaussian_s010,20.22,19.93,54.75,0.29,34.53
Gaussian_s010,20.3,19.59,54.96,0.71,34.66
Gaussian_s010,20.28,20.15,55.04,0.13,34.75
Gaussian_s010,20.28,20.18,55.29,0.1,35.01
Gaussian_s010,20.37,19.86,54.76,0.51,34.39
Gaussian_s010,20.33,20.39,54.79,0.06,34.46
Gaussian_s010,20.3,20.54,55.57,0.24,35.27
Gaussian_s010,20.33,19.99,54.98,0.34,34.65
Gaussian_s010,20.37,19.41,54.42,0.95,34.06
Gaussian_s010,20.39,19.63,54.59,0.77,34.2
Gaussian_s010,20.4,22.65,53.94,2.25,33.54
Gaussian_s010,20.27,19.97,55.6,0.3,35.33
Gaussian_s010,20.26,19.14,55.5,1.12,35.24
Gaussian_s010,20.19,20.11,55.52,0.08,35.33
Gaussian_s010,20.4,20.23,55.35,0.17,34.96
Gaussian_s010,20.35,19.92,54.8,0.43,34.45
Gaussian_s010,20.35,21.14,54.82,0.79,34.47
Gaussian_s010,20.23,19.86,55.11,0.37,34.88
Gaussian_s010,20.34,20.07,54.98,0.27,34.64
Gaussian_s010,20.31,19.9,55.02,0.41,34.71
Gaussian_s010,20.26,19.19,54.95,1.07,34.69
Gaussian_s010,20.35,21.91,55.36,1.55,35.01
Gaussian_s010,20.47,19.61,54.94,0.86,34.47
Gaussian_s010,20.29,19.77,55.46,0.52,35.16
Gaussian_s010,20.27,20.25,55.21,0.01,34.94
Gaussian_s010,20.35,19.89,54.98,0.46,34.63
Gaussian_s010,20.39,20.26,54.93,0.13,34.54
Gaussian_s010,20.4,20.1,53.25,0.29,32.86
Gaussian_s010,20.36,21.38,55.5,1.02,35.14
Gaussian_s010,20.34,19.4,56.52,0.95,36.17
Gaussian_s010,20.36,19.39,54.51,0.97,34.15
Gaussian_s010,20.37,19.94,53.97,0.43,33.59
Gaussian_s010,20.36,23.52,55.0,3.16,34.64
Gaussian_s010,20.4,20.1,55.65,0.3,35.25
Gaussian_s010,20.28,21.02,55.63,0.74,35.35
Gaussian_s010,20.29,18.89,55.58,1.4,35.29
Gaussian_s010,20.27,20.34,55.65,0.07,35.39
Gaussian_s010,20.37,20.16,55.19,0.2,34.82
Gaussian_s010,20.33,19.3,54.57,1.03,34.23
Gaussian_s010,20.29,20.08,55.38,0.21,35.09
Gaussian_s010,20.4,19.98,54.51,0.43,34.1
Gaussian_s010,20.4,20.64,54.53,0.24,34.13
Gaussian_s010,20.33,20.58,55.52,0.25,35.19
Gaussian_s010,20.4,20.4,54.45,0.0,34.05
Gaussian_s010,20.56,20.43,53.24,0.13,32.69
Gaussian_s010,20.29,19.25,54.61,1.04,34.32
Gaussian_s010,20.29,19.95,55.58,0.34,35.3
Gaussian_s010,20.33,24.38,55.08,4.05,34.75
Gaussian_s010,20.28,19.98,55.38,0.3,35.1
Gaussian_s010,20.32,19.87,54.79,0.45,34.47
Gaussian_s010,20.33,20.87,54.71,0.55,34.38
Gaussian_s010,20.27,19.43,56.26,0.85,35.98
Gaussian_s010,20.34,20.32,54.91,0.02,34.57
Gaussian_s010,20.44,21.63,54.28,1.18,33.84
Gaussian_s010,20.53,20.39,54.69,0.13,34.17
Gaussian_s010,20.28,23.85,55.13,3.57,34.86
Gaussian_s010,20.31,20.35,55.31,0.05,35.0
Gaussian_s010,20.33,20.77,55.8,0.44,35.47
Gaussian_s010,20.36,19.89,54.8,0.47,34.44
Gaussian_s010,20.41,19.92,55.14,0.48,34.74
Gaussian_s010,20.46,19.62,54.26,0.84,33.81
Gaussian_s010,20.36,20.84,54.67,0.48,34.31
Gaussian_s010,20.22,20.58,55.7,0.36,35.49
Gaussian_s010,20.22,20.04,55.4,0.18,35.17
Gaussian_s010,20.38,19.69,55.22,0.69,34.84
Gaussian_s010,20.31,20.35,55.01,0.04,34.7
Gaussian_s010,20.42,19.63,54.19,0.79,33.78
Gaussian_s010,20.33,20.01,54.47,0.32,34.14
Gaussian_s010,20.29,20.63,55.64,0.34,35.35
Gaussian_s010,20.31,19.96,55.62,0.35,35.31
Gaussian_s010,20.26,19.86,54.7,0.41,34.44
Gaussian_s010,20.4,19.71,54.87,0.68,34.47
Gaussian_s010,20.5,19.61,53.63,0.88,33.13
Gaussian_s010,20.2,20.07,55.57,0.13,35.37
Gaussian_s010,20.32,20.64,55.28,0.32,34.96
Gaussian_s010,20.31,20.99,56.34,0.68,36.03
Gaussian_s010,20.27,24.9,55.91,4.62,35.64
Gaussian_s010,20.36,19.55,55.29,0.81,34.93
Gaussian_s010,20.37,20.15,55.04,0.23,34.67
Gaussian_s010,20.35,19.82,54.92,0.53,34.57
Gaussian_s010,20.49,19.88,54.46,0.61,33.97
Gaussian_s010,20.38,19.95,54.38,0.43,34.0
Gaussian_s010,20.46,19.72,55.02,0.74,34.56
Gaussian_s010,20.38,20.09,55.66,0.29,35.28
Gaussian_s010,20.31,19.8,55.54,0.51,35.23
Gaussian_s010,20.34,19.68,55.57,0.67,35.23
Gaussian_s010,20.29,20.2,55.57,0.09,35.28
Gaussian_s010,20.43,19.67,54.07,0.76,33.63
Gaussian_s010,20.26,20.4,55.15,0.14,34.89
Gaussian_s010,20.33,19.76,55.44,0.57,35.11
Gaussian_s010,20.33,19.88,54.73,0.45,34.4
Gaussian_s010,20.3,19.64,56.11,0.66,35.81
Gaussian_s010,20.35,20.86,55.36,0.5,35.01
Gaussian_s010,20.25,20.09,55.92,0.16,35.67
Gaussian_s010,20.38,20.06,55.63,0.32,35.26
Gaussian_s010,20.35,19.85,54.94,0.5,34.58
Gaussian_s010,20.46,20.55,54.07,0.1,33.61
Gaussian_s010,20.39,19.43,54.91,0.96,34.53
Gaussian_s010,20.42,20.65,54.31,0.23,33.89
Gaussian_s010,20.25,20.28,55.27,0.03,35.02
Gaussian_s010,20.34,19.77,55.68,0.56,35.34
Gaussian_s010,20.36,20.46,55.01,0.1,34.66
Gaussian_s010,20.48,20.05,54.51,0.43,34.03
Gaussian_s010,20.33,20.2,55.8,0.12,35.47
Gaussian_s010,20.33,20.13,54.9,0.2,34.57
Gaussian_s010,20.39,20.14,55.79,0.25,35.4
Gaussian_s010,20.54,20.08,54.83,0.46,34.29
Gaussian_s010,20.27,20.13,55.15,0.14,34.88
Gaussian_s010,20.33,20.18,54.9,0.15,34.58
Gaussian_s010,20.29,20.32,54.99,0.03,34.7
Gaussian_s010,20.36,20.33,55.06,0.03,34.7
Gaussian_s010,20.38,19.84,54.55,0.54,34.17
Gaussian_s010,20.3,19.82,54.54,0.48,34.24
Gaussian_s010,20.28,20.66,55.4,0.39,35.12
Gaussian_s010,20.42,20.05,55.1,0.37,34.69
Gaussian_s010,20.41,20.2,55.03,0.21,34.61
Gaussian_s010,20.33,19.82,55.17,0.5,34.84
Gaussian_s010,20.36,20.29,54.43,0.07,34.07
Gaussian_s010,20.52,20.14,53.72,0.38,33.2
Gaussian_s010,20.41,19.8,53.65,0.61,33.24
Gaussian_s010,20.36,19.88,55.6,0.49,35.24
Gaussian_s010,20.32,20.07,55.58,0.25,35.26
Gaussian_s010,20.37,20.3,54.41,0.07,34.03
Gaussian_s010,20.42,19.84,53.87,0.58,33.44
Gaussian_s010,20.43,23.47,54.76,3.04,34.33
Gaussian_s010,20.27,19.92,55.45,0.36,35.18
Gaussian_s010,20.36,21.84,55.11,1.48,34.75
Gaussian_s010,20.29,20.52,54.69,0.23,34.41
Gaussian_s010,20.33,19.42,54.78,0.92,34.44
Gaussian_s010,20.46,20.14,53.78,0.32,33.32
Gaussian_s010,20.46,20.06,54.06,0.41,33.6
Gaussian_s010,20.28,20.05,54.87,0.23,34.58
Gaussian_s010,20.27,20.57,55.58,0.3,35.31
Gaussian_s010,20.28,20.25,55.03,0.03,34.75
Gaussian_s010,20.22,19.67,55.46,0.54,35.25
Gaussian_s010,20.29,20.99,55.34,0.7,35.05
Gaussian_s010,20.34,20.03,55.13,0.31,34.79
Gaussian_s010,20.37,20.93,54.75,0.56,34.38
Gaussian_s010,20.34,20.32,54.96,0.02,34.62
Gaussian_s010,20.4,20.68,54.69,0.28,34.3
Gaussian_s010,20.48,19.59,53.85,0.89,33.37
Gaussian_s010,20.37,21.39,54.93,1.01,34.55
Gaussian_s010,20.37,21.2,55.75,0.83,35.38
Gaussian_s010,20.37,20.22,54.94,0.15,34.56
Gaussian_s010,20.47,20.02,54.17,0.45,33.7
Gaussian_s010,20.36,19.91,54.43,0.45,34.06
Gaussian_s010,20.41,20.61,55.44,0.2,35.02
Gaussian_s010,20.33,20.0,54.75,0.33,34.42
Gaussian_s010,20.33,19.65,55.26,0.68,34.94
Gaussian_s010,20.32,22.1,55.43,1.78,35.11
Gaussian_s010,20.28,20.0,55.33,0.28,35.05
Gaussian_s010,20.24,20.37,55.66,0.13,35.42
Gaussian_s010,20.35,19.59,54.55,0.76,34.2
Gaussian_s010,20.37,20.62,54.76,0.25,34.39
Gaussian_s010,20.34,19.34,53.88,1.0,33.54
Gaussian_s010,20.23,20.19,56.32,0.04,36.09
Gaussian_s010,20.31,19.73,53.9,0.58,33.59
Gaussian_s010,20.33,19.74,55.73,0.59,35.4
Gaussian_s010,20.38,19.48,55.21,0.9,34.83
Gaussian_s010,20.22,19.68,55.77,0.54,35.54
Gaussian_s010,20.34,19.96,54.19,0.38,33.84
Gaussian_s010,20.31,19.99,55.6,0.31,35.29
Gaussian_s010,20.34,19.98,55.34,0.36,35.0
Gaussian_s010,20.37,22.19,54.97,1.82,34.6
Gaussian_s010,20.29,20.09,55.28,0.2,35.0
Gaussian_s010,20.3,19.68,55.6,0.63,35.3
Gaussian_s010,20.36,19.49,55.21,0.87,34.85
Gaussian_s010,20.39,19.88,53.91,0.51,33.52
Gaussian_s010,20.44,20.04,55.16,0.39,34.72
Gaussian_s010,20.34,19.75,54.93,0.59,34.59
Gaussian_s010,20.27,19.98,55.54,0.29,35.27
Gaussian_s010,20.31,23.24,55.72,2.93,35.41
Gaussian_s010,20.47,22.13,54.3,1.66,33.83
Gaussian_s010,20.27,20.43,55.77,0.15,35.49
Gaussian_s010,20.39,20.85,55.73,0.46,35.34
Gaussian_s010,20.32,20.62,55.62,0.29,35.29
Gaussian_s010,20.26,19.5,54.68,0.76,34.42
Gaussian_s010,20.28,20.15,55.15,0.13,34.87
Gaussian_s010,20.39,20.23,55.57,0.16,35.18
Gaussian_s010,20.35,20.65,55.19,0.3,34.84
Gaussian_s010,20.38,20.12,54.37,0.26,34.0
Gaussian_s010,20.36,19.56,54.47,0.79,34.11
Gaussian_s010,20.28,20.09,55.7,0.18,35.43
Gaussian_s010,20.25,19.97,55.07,0.28,34.81
Gaussian_s010,20.28,19.78,55.02,0.51,34.73
Gaussian_s010,20.43,20.17,53.9,0.26,33.47
Gaussian_s010,20.3,20.35,55.59,0.06,35.3
Gaussian_s010,20.42,19.96,55.23,0.46,34.81
Gaussian_s010,20.38,20.0,55.28,0.38,34.9
Gaussian_s010,20.46,20.42,54.4,0.03,33.95
Gaussian_s010,20.37,20.23,55.62,0.14,35.25
Gaussian_s010,20.35,19.65,54.76,0.7,34.41
Gaussian_s010,20.33,19.79,56.2,0.54,35.87
Gaussian_s010,20.28,20.33,55.7,0.05,35.41
Gaussian_s010,20.29,19.49,54.87,0.81,34.58
Gaussian_s010,20.39,22.27,55.24,1.88,34.84
Gaussian_s010,20.45,20.84,54.05,0.39,33.6
Gaussian_s010,20.35,19.26,54.36,1.09,34.01
Gaussian_s010,20.49,20.15,53.56,0.33,33.07
Gaussian_s010,20.47,19.93,54.28,0.54,33.81
Gaussian_s010,20.33,19.57,55.39,0.76,35.06
Gaussian_s010,20.28,19.78,55.37,0.51,35.09
Gaussian_s010,20.3,20.28,55.13,0.02,34.84
Gaussian_s010,20.38,20.59,54.72,0.22,34.34
Gaussian_s010,20.48,20.05,55.48,0.43,35.0
Gaussian_s010,20.33,21.59,54.66,1.26,34.33
Gaussian_s010,20.36,19.87,55.13,0.49,34.78
Gaussian_s010,20.28,20.01,54.57,0.27,34.29
Gaussian_s010,20.23,19.77,55.61,0.46,35.37
Gaussian_s010,20.27,19.82,54.67,0.44,34.41
Gaussian_s010,20.45,19.87,53.25,0.58,32.81
Gaussian_s010,20.37,20.19,55.21,0.18,34.85
Gaussian_s010,20.36,20.95,55.72,0.59,35.36
Gaussian_s010,20.37,19.98,55.16,0.39,34.8
Gaussian_s010,20.29,21.3,54.79,1.01,34.5
Gaussian_s010,20.28,20.39,55.26,0.11,34.98
Gaussian_s010,20.39,20.21,55.24,0.18,34.85
Gaussian_s010,20.26,20.15,54.98,0.11,34.72
Gaussian_s010,20.39,20.19,55.38,0.2,35.0
Gaussian_s010,20.33,20.02,55.57,0.31,35.24
Gaussian_s010,20.37,20.14,54.8,0.23,34.44
Gaussian_s010,20.31,20.13,55.06,0.18,34.75
Gaussian_s010,20.37,20.55,54.79,0.18,34.42
Gaussian_s010,20.4,20.18,52.67,0.22,32.27
Gaussian_s010,20.34,20.39,54.84,0.06,34.51
Gaussian_s010,20.45,19.72,54.95,0.74,34.5
Gaussian_s010,20.28,19.82,55.56,0.46,35.27
Gaussian_s010,20.25,19.71,55.34,0.54,35.09
Gaussian_s010,20.4,21.26,55.17,0.86,34.77
Gaussian_s010,20.31,20.04,55.78,0.27,35.47
Gaussian_s010,20.33,19.71,55.34,0.62,35.01
Gaussian_s010,20.34,19.57,54.93,0.76,34.59
Gaussian_s010,20.5,20.06,54.71,0.44,34.22
Gaussian_s010,20.26,20.43,55.27,0.18,35.02
Gaussian_s010,20.26,24.14,55.02,3.88,34.76
Gaussian_s010,20.28,20.68,54.77,0.4,34.49
Gaussian_s010,20.28,19.4,55.66,0.88,35.38
Gaussian_s010,20.32,20.07,54.58,0.25,34.26
Gaussian_s010,20.34,20.01,55.52,0.32,35.19
Gaussian_s010,20.38,19.49,54.9,0.9,34.51
Gaussian_s010,20.31,19.86,55.36,0.45,35.05
Gaussian_s010,20.32,20.58,55.25,0.25,34.93
Gaussian_s010,20.23,19.88,55.7,0.36,35.47
Gaussian_s010,20.38,21.87,54.89,1.49,34.51
Gaussian_s010,20.35,20.76,54.51,0.41,34.16
Gaussian_s010,20.27,20.04,55.29,0.23,35.02
Gaussian_s010,20.31,20.37,55.54,0.06,35.22
Gaussian_s010,20.23,19.64,55.76,0.59,35.52
Gaussian_s010,20.22,19.73,54.97,0.49,34.74
Gaussian_s010,20.33,20.11,55.78,0.23,35.45
Gaussian_s010,20.32,19.54,55.13,0.79,34.81
Gaussian_s010,20.35,19.8,55.42,0.55,35.07
Gaussian_s010,20.31,20.02,55.23,0.28,34.92
Gaussian_s010,20.24,19.96,55.6,0.28,35.36
Gaussian_s010,20.25,19.71,55.59,0.55,35.34
Gaussian_s010,20.44,19.76,54.65,0.68,34.21
Gaussian_s010,20.34,19.97,54.85,0.37,34.52
Gaussian_s010,20.27,19.82,54.47,0.45,34.2
Gaussian_s010,20.2,19.82,55.44,0.37,35.25
Gaussian_s010,20.4,22.39,55.72,2.0,35.32
Gaussian_s010,20.25,20.05,54.93,0.19,34.69
Gaussian_s010,20.27,20.04,55.17,0.23,34.91
Gaussian_s010,20.24,20.63,55.62,0.38,35.38
Gaussian_s010,20.36,20.17,55.15,0.19,34.79
Gaussian_s010,20.29,19.52,56.12,0.77,35.83
Gaussian_s010,20.67,19.9,52.22,0.78,31.55
Gaussian_s010,20.31,19.96,54.48,0.35,34.17
Gaussian_s010,20.28,19.64,55.69,0.64,35.41
Gaussian_s010,20.39,20.58,54.87,0.19,34.48
Gaussian_s010,20.26,19.43,55.01,0.83,34.75
Gaussian_s010,20.35,21.6,54.35,1.25,34.0
Gaussian_s010,20.33,19.92,55.56,0.42,35.23
Gaussian_s010,20.21,21.41,55.75,1.2,35.53
Gaussian_s010,20.4,19.92,53.76,0.48,33.36
Gaussian_s010,20.43,19.98,54.0,0.45,33.57
Gaussian_s010,20.39,20.01,54.78,0.37,34.39
Gaussian_s010,20.47,20.89,54.39,0.42,33.92
Gaussian_s010,20.37,19.82,54.85,0.55,34.48
Gaussian_s010,20.28,19.98,55.14,0.3,34.86
Gaussian_s010,20.26,20.56,55.49,0.3,35.23
Gaussian_s010,20.34,20.02,54.02,0.33,33.68
Gaussian_s010,20.43,20.55,54.13,0.12,33.69
Gaussian_s010,20.45,20.1,55.42,0.35,34.98
Gaussian_s010,20.3,21.92,55.31,1.61,35.0
Gaussian_s010,20.49,20.83,54.87,0.34,34.38
Gaussian_s010,20.45,20.16,54.49,0.29,34.04
Gaussian_s010,20.4,20.2,54.77,0.2,34.37
Gaussian_s010,20.37,20.08,55.09,0.29,34.71
Gaussian_s010,20.25,19.89,55.71,0.36,35.46
Gaussian_s010,20.32,20.38,55.58,0.06,35.26
Gaussian_s010,20.39,20.0,54.58,0.39,34.2
Gaussian_s010,20.34,19.9,55.28,0.44,34.94
Gaussian_s010,20.3,19.68,55.41,0.62,35.1
Gaussian_s010,20.29,20.19,55.03,0.1,34.73
Gaussian_s010,20.39,19.54,54.63,0.85,34.25
Gaussian_s010,20.29,21.32,54.22,1.03,33.93
Gaussian_s010,20.3,20.12,55.69,0.18,35.4
Gaussian_s010,20.42,19.74,55.22,0.68,34.8
Gaussian_s010,20.34,20.19,55.74,0.14,35.41
Gaussian_s010,20.42,20.21,54.45,0.21,34.04
Gaussian_s010,20.24,20.05,55.67,0.2,35.43
Gaussian_s010,20.31,20.2,55.25,0.11,34.94
Gaussian_s010,20.27,19.6,54.91,0.68,34.64
Gaussian_s010,20.2,19.49,55.98,0.7,35.78
Gaussian_s010,20.37,20.18,54.92,0.19,34.55
Gaussian_s010,20.37,20.02,54.5,0.35,34.13
Gaussian_s010,20.3,19.85,55.38,0.46,35.07
Gaussian_s010,20.32,22.44,54.83,2.12,34.51
Gaussian_s010,20.49,19.87,53.63,0.62,33.14
Gaussian_s010,20.34,21.1,55.24,0.76,34.89
Gaussian_s010,20.33,19.82,55.46,0.51,35.13
Gaussian_s010,20.44,19.5,52.88,0.94,32.45
Gaussian_s010,20.34,19.96,54.71,0.38,34.36
Gaussian_s010,20.2,19.93,55.64,0.27,35.44
Gaussian_s010,20.33,19.97,55.1,0.36,34.77
Gaussian_s010,20.37,20.0,54.88,0.37,34.51
Gaussian_s010,20.31,19.84,54.88,0.46,34.57
Gaussian_s010,20.54,19.99,54.58,0.55,34.03
Gaussian_s010,20.39,21.53,55.41,1.14,35.02
Gaussian_s010,20.32,20.21,54.47,0.11,34.16
Gaussian_s010,20.27,20.35,54.91,0.08,34.64
Gaussian_s010,20.36,19.88,55.23,0.48,34.87
Gaussian_s010,20.4,19.99,55.13,0.4,34.73
Gaussian_s010,20.28,19.71,55.09,0.57,34.81
Gaussian_s010,20.37,19.93,54.57,0.45,34.2
Gaussian_s010,20.36,19.84,55.58,0.52,35.22
Gaussian_s010,20.25,20.1,55.66,0.15,35.41
Gaussian_s010,20.38,20.4,55.05,0.02,34.67
Gaussian_s010,20.28,19.81,55.31,0.48,35.03
Gaussian_s010,20.43,19.94,54.62,0.5,34.19
Gaussian_s010,20.28,19.78,54.9,0.5,34.61
Gaussian_s010,20.31,21.11,55.36,0.8,35.05
Gaussian_s010,20.34,20.01,55.05,0.33,34.72
Gaussian_s010,20.4,20.25,54.85,0.15,34.45
Gaussian_s010,20.36,20.61,55.53,0.25,35.17
Gaussian_s010,20.33,20.07,55.42,0.26,35.09
Gaussian_s010,20.33,19.99,55.76,0.35,35.42
Gaussian_s010,20.32,20.24,55.02,0.08,34.7
Gaussian_s010,20.28,19.52,56.17,0.76,35.88
Blur_s1,22.52,22.57,52.16,0.04,29.63
Blur_s1,23.51,23.03,54.76,0.49,31.25
Blur_s1,23.59,23.48,54.98,0.11,31.39
Blur_s1,23.51,22.52,54.17,0.99,30.66
Blur_s1,21.84,22.05,52.62,0.21,30.77
Blur_s1,22.43,21.98,53.18,0.45,30.75
Blur_s1,22.37,22.53,55.05,0.15,32.68
Blur_s1,22.23,22.41,53.32,0.18,31.09
Blur_s1,21.72,21.8,56.43,0.08,34.71
Blur_s1,23.4,22.76,55.41,0.64,32.01
Blur_s1,23.73,22.43,51.86,1.31,28.13
Blur_s1,23.2,21.94,55.57,1.26,32.38
Blur_s1,22.93,22.45,55.87,0.48,32.94
Blur_s1,22.26,22.63,56.09,0.36,33.83
Blur_s1,22.63,22.55,53.37,0.08,30.74
Blur_s1,22.76,23.2,54.46,0.44,31.7
Blur_s1,23.2,22.63,52.87,0.57,29.67
Blur_s1,23.88,23.26,42.88,0.62,19.0
Blur_s1,24.27,23.78,54.8,0.49,30.53
Blur_s1,24.09,22.87,50.92,1.23,26.83
Blur_s1,23.29,21.98,54.26,1.31,30.97
Blur_s1,24.92,23.74,50.44,1.18,25.52
Blur_s1,23.09,23.11,54.37,0.01,31.28
Blur_s1,23.08,22.43,55.08,0.66,31.99
Blur_s1,24.1,24.17,51.89,0.07,27.79
Blur_s1,22.66,22.02,51.54,0.64,28.87
Blur_s1,22.31,22.26,55.4,0.05,33.09
Blur_s1,22.58,22.14,52.79,0.44,30.21
Blur_s1,22.46,22.64,53.09,0.18,30.63
Blur_s1,22.97,22.92,52.63,0.05,29.66
Blur_s1,23.64,23.08,52.01,0.56,28.37
Blur_s1,22.11,22.09,53.58,0.02,31.47
Blur_s1,22.31,23.02,50.24,0.71,27.93
Blur_s1,23.06,22.24,55.7,0.81,32.64
Blur_s1,23.92,22.35,53.76,1.56,29.84
Blur_s1,22.03,22.42,55.29,0.39,33.26
Blur_s1,21.96,22.0,54.49,0.05,32.53
Blur_s1,22.65,22.22,54.85,0.43,32.2
Blur_s1,22.49,21.87,55.89,0.62,33.4
Blur_s1,24.34,23.55,51.77,0.79,27.42
Blur_s1,22.23,22.15,54.22,0.08,31.98
Blur_s1,21.32,21.95,53.21,0.63,31.89
Blur_s1,21.59,22.34,55.48,0.74,33.89
Blur_s1,22.95,22.99,54.21,0.04,31.26
Blur_s1,22.39,22.19,54.89,0.21,32.5
Blur_s1,22.47,22.54,56.98,0.07,34.51
Blur_s1,22.72,22.23,54.52,0.48,31.8
Blur_s1,22.68,22.29,54.34,0.39,31.66
Blur_s1,22.93,22.03,54.23,0.9,31.31
Blur_s1,22.84,22.5,48.53,0.34,25.69
Blur_s1,21.77,21.68,56.63,0.08,34.87
Blur_s1,24.01,23.51,54.29,0.49,30.28
Blur_s1,23.86,22.94,53.56,0.92,29.71
Blur_s1,22.54,22.13,54.82,0.41,32.28
Blur_s1,21.94,21.66,55.5,0.28,33.56
Blur_s1,22.53,22.17,54.84,0.35,32.32
Blur_s1,21.61,21.17,48.69,0.44,27.07
Blur_s1,25.55,23.15,54.43,2.4,28.88
Blur_s1,22.11,22.67,54.84,0.56,32.73
Blur_s1,22.12,22.31,54.22,0.19,32.1
Blur_s1,23.71,23.18,54.36,0.53,30.65
Blur_s1,23.26,22.43,51.47,0.83,28.21
Blur_s1,23.58,22.74,54.05,0.84,30.47
Blur_s1,22.6,21.99,55.35,0.61,32.75
Blur_s1,21.32,21.66,53.87,0.33,32.55
Blur_s1,21.48,21.32,56.61,0.16,35.13
Blur_s1,23.62,23.37,52.95,0.24,29.33
Blur_s1,23.08,22.13,54.87,0.95,31.79
Blur_s1,22.8,22.68,46.94,0.12,24.14
Blur_s1,22.0,22.17,51.13,0.17,29.13
Blur_s1,23.59,23.08,48.01,0.51,24.43
Blur_s1,23.59,22.78,53.41,0.81,29.82
Blur_s1,22.32,21.91,56.35,0.41,34.04
Blur_s1,23.54,22.83,54.44,0.71,30.9
Blur_s1,22.83,22.73,51.88,0.1,29.05
Blur_s1,22.6,21.62,55.07,0.98,32.47
Blur_s1,22.83,22.45,54.8,0.38,31.97
Blur_s1,23.46,22.45,56.36,1.01,32.9
Blur_s1,23.31,22.85,51.99,0.46,28.67
Blur_s1,21.86,22.19,53.56,0.33,31.7
Blur_s1,23.15,22.99,53.36,0.16,30.22
Blur_s1,22.57,22.65,55.78,0.08,33.21
Blur_s1,21.62,22.06,57.36,0.45,35.75
Blur_s1,23.26,22.28,54.51,0.97,31.25
Blur_s1,24.73,23.95,54.79,0.78,30.06
Blur_s1,21.84,21.28,54.37,0.56,32.53
Blur_s1,22.67,22.93,54.17,0.26,31.5
Blur_s1,23.08,22.84,53.46,0.24,30.38
Blur_s1,23.47,23.78,52.62,0.31,29.15
Blur_s1,21.95,22.76,53.65,0.82,31.7
Blur_s1,21.57,22.09,56.82,0.52,35.24
Blur_s1,23.39,22.56,51.65,0.83,28.26
Blur_s1,23.56,22.93,49.97,0.63,26.4
Blur_s1,25.61,24.19,45.23,1.41,19.62
Blur_s1,23.15,22.58,55.57,0.57,32.42
Blur_s1,23.62,21.92,56.31,1.7,32.69
Blur_s1,24.68,25.14,54.97,0.45,30.28
Blur_s1,21.69,22.01,53.17,0.31,31.47
Blur_s1,23.4,22.78,53.95,0.62,30.55
Blur_s1,22.37,22.31,56.42,0.05,34.05
Blur_s1,23.21,23.62,51.89,0.41,28.68
Blur_s1,23.7,23.29,51.9,0.41,28.2
Blur_s1,20.85,21.25,55.87,0.4,35.02
Blur_s1,22.6,22.91,52.69,0.31,30.09
Blur_s1,23.4,23.2,54.34,0.21,30.94
Blur_s1,22.51,23.17,52.71,0.66,30.21
Blur_s1,21.49,21.18,54.83,0.32,33.34
Blur_s1,21.26,22.25,51.88,0.99,30.62
Blur_s1,22.64,21.9,56.08,0.74,33.44
Blur_s1,21.99,21.97,52.2,0.02,30.21
Blur_s1,22.83,22.25,55.37,0.59,32.54
Blur_s1,22.58,22.17,55.85,0.42,33.27
Blur_s1,22.15,21.7,53.1,0.45,30.95
Blur_s1,22.86,21.74,55.01,1.12,32.15
Blur_s1,23.58,23.76,54.77,0.18,31.19
Blur_s1,21.98,22.09,54.41,0.11,32.42
Blur_s1,23.9,22.97,53.59,0.93,29.69
Blur_s1,23.73,23.44,53.94,0.29,30.21
Blur_s1,22.49,22.72,54.15,0.23,31.66
Blur_s1,23.7,22.61,52.69,1.09,28.99
Blur_s1,22.64,22.81,54.43,0.17,31.79
Blur_s1,22.86,22.74,53.54,0.12,30.68
Blur_s1,23.72,22.56,55.45,1.16,31.74
Blur_s1,23.24,23.06,52.02,0.18,28.78
Blur_s1,22.8,22.88,53.54,0.08,30.73
Blur_s1,23.25,23.31,53.97,0.06,30.73
Blur_s1,23.75,22.73,55.39,1.01,31.65
Blur_s1,24.6,23.14,47.57,1.46,22.97
Blur_s1,21.97,22.01,54.13,0.04,32.16
Blur_s1,21.99,22.67,55.42,0.68,33.43
Blur_s1,23.38,23.01,52.22,0.37,28.84
Blur_s1,24.8,23.06,51.22,1.74,26.41
Blur_s1,24.82,23.84,54.59,0.98,29.77
Blur_s1,23.43,23.03,50.73,0.4,27.31
Blur_s1,24.17,22.88,54.22,1.29,30.05
Blur_s1,25.1,25.7,54.12,0.61,29.03
Blur_s1,22.42,22.65,55.26,0.24,32.85
Blur_s1,22.6,22.81,55.43,0.22,32.83
Blur_s1,22.56,21.68,54.71,0.89,32.15
Blur_s1,22.22,22.65,50.19,0.43,27.97
Blur_s1,21.61,21.76,54.17,0.15,32.55
Blur_s1,24.2,24.57,53.42,0.37,29.22
Blur_s1,22.89,22.84,53.83,0.05,30.93
Blur_s1,25.44,23.78,52.8,1.65,27.36
Blur_s1,23.91,22.93,54.45,0.97,30.55
Blur_s1,21.84,22.06,55.72,0.21,33.88
Blur_s1,24.31,22.87,54.8,1.44,30.49
Blur_s1,22.69,22.46,56.49,0.22,33.8
Blur_s1,23.07,22.43,51.02,0.64,27.95
Blur_s1,24.99,23.5,52.97,1.49,27.98
Blur_s1,22.88,23.41,52.61,0.52,29.73
Blur_s1,24.43,23.33,52.41,1.1,27.98
Blur_s1,23.57,23.58,55.52,0.01,31.94
Blur_s1,22.46,22.18,54.84,0.28,32.38
Blur_s1,22.36,22.38,55.45,0.02,33.09
Blur_s1,23.22,23.22,54.33,0.0,31.11
Blur_s1,22.35,22.1,52.58,0.25,30.23
Blur_s1,25.26,24.58,53.03,0.68,27.77
Blur_s1,24.33,22.97,56.61,1.36,32.28
Blur_s1,22.5,22.38,53.32,0.12,30.82
Blur_s1,23.08,22.83,55.08,0.25,32.0
Blur_s1,22.34,22.11,53.49,0.23,31.15
Blur_s1,23.62,22.54,53.06,1.08,29.44
Blur_s1,24.08,23.28,50.87,0.8,26.79
Blur_s1,23.21,22.59,54.99,0.62,31.79
Blur_s1,23.5,22.32,56.69,1.18,33.19
Blur_s1,23.04,22.93,55.64,0.11,32.6
Blur_s1,21.13,21.44,53.58,0.31,32.45
Blur_s1,22.75,22.3,51.36,0.45,28.61
Blur_s1,21.89,22.43,56.86,0.53,34.97
Blur_s1,22.18,21.54,56.1,0.64,33.93
Blur_s1,23.22,22.44,52.83,0.78,29.61
Blur_s1,23.49,22.47,54.28,1.02,30.79
Blur_s1,21.26,21.56,56.08,0.3,34.82
Blur_s1,22.95,22.47,54.61,0.48,31.66
Blur_s1,21.75,21.68,54.72,0.07,32.96
Blur_s1,24.75,23.13,53.68,1.62,28.93
Blur_s1,22.94,22.31,56.65,0.64,33.71
Blur_s1,22.06,22.79,55.15,0.73,33.09
Blur_s1,22.17,21.42,53.28,0.75,31.11
Blur_s1,22.43,21.92,53.64,0.5,31.21
Blur_s1,22.0,21.56,53.89,0.44,31.89
Blur_s1,23.38,23.18,53.32,0.2,29.93
Blur_s1,25.16,24.3,47.91,0.85,22.76
Blur_s1,23.36,22.37,53.35,0.99,29.99
Blur_s1,24.7,23.51,54.77,1.18,30.08
Blur_s1,23.97,22.62,52.44,1.35,28.47
Blur_s1,23.22,22.85,53.93,0.37,30.7
Blur_s1,22.89,22.6,51.64,0.29,28.74
Blur_s1,22.84,22.41,51.36,0.43,28.52
Blur_s1,23.03,23.0,55.01,0.04,31.97
Blur_s1,22.61,22.95,55.01,0.33,32.4
Blur_s1,23.36,23.11,53.93,0.25,30.57
Blur_s1,20.93,21.6,54.0,0.67,33.07
Blur_s1,24.12,23.26,54.28,0.85,30.16
Blur_s1,24.14,23.01,54.46,1.13,30.32
Blur_s1,26.26,25.31,55.0,0.95,28.74
Blur_s1,23.61,23.75,52.15,0.14,28.54
Blur_s1,22.82,23.02,52.07,0.2,29.25
Blur_s1,22.28,22.08,56.92,0.2,34.63
Blur_s1,22.01,22.84,55.1,0.83,33.08
Blur_s1,23.93,23.15,51.64,0.78,27.71
Blur_s1,21.84,22.1,52.85,0.26,31.01
Blur_s1,22.08,22.37,54.52,0.29,32.45
Blur_s1,24.15,23.82,55.01,0.34,30.86
Blur_s1,22.59,22.12,52.26,0.46,29.68
Blur_s1,22.08,21.84,56.12,0.24,34.04
Blur_s1,23.65,23.65,53.35,0.0,29.7
Blur_s1,23.38,23.54,53.59,0.16,30.22
Blur_s1,24.24,23.76,56.47,0.48,32.23
Blur_s1,23.73,23.2,56.8,0.54,33.07
Blur_s1,23.89,24.22,52.04,0.34,28.15
Blur_s1,23.91,22.08,54.69,1.83,30.78
Blur_s1,24.52,22.64,53.06,1.88,28.54
Blur_s1,23.1,22.26,53.15,0.84,30.04
Blur_s1,21.42,21.36,55.94,0.07,34.51
Blur_s1,22.84,22.02,56.32,0.82,33.48
Blur_s1,22.82,22.37,54.92,0.45,32.1
Blur_s1,22.66,22.45,53.91,0.2,31.25
Blur_s1,23.52,22.95,50.78,0.57,27.26
Blur_s1,23.26,22.63,54.25,0.63,30.99
Blur_s1,20.72,21.51,55.11,0.79,34.39
Blur_s1,22.39,22.55,52.95,0.16,30.56
Blur_s1,20.96,21.33,55.88,0.37,34.92
Blur_s1,23.81,22.96,54.38,0.85,30.57
Blur_s1,21.88,21.94,54.03,0.07,32.15
Blur_s1,25.14,24.59,53.18,0.55,28.05
Blur_s1,21.16,21.35,55.58,0.19,34.42
Blur_s1,22.79,22.81,54.56,0.02,31.77
Blur_s1,24.0,23.28,48.21,0.73,24.21
Blur_s1,23.56,22.91,55.4,0.65,31.84
Blur_s1,22.31,22.16,55.95,0.14,33.64
Blur_s1,24.04,22.85,54.26,1.19,30.21
Blur_s1,20.51,21.03,54.51,0.53,34.0
Blur_s1,21.6,21.67,54.91,0.07,33.31
Blur_s1,22.69,22.25,54.04,0.44,31.35
Blur_s1,22.55,22.67,51.47,0.12,28.92
Blur_s1,22.5,22.77,53.9,0.27,31.4
Blur_s1,23.9,23.01,56.35,0.89,32.45
Blur_s1,24.24,23.37,54.32,0.87,30.08
Blur_s1,22.67,22.31,54.61,0.36,31.94
Blur_s1,22.34,22.77,56.83,0.43,34.49
Blur_s1,23.21,22.88,54.33,0.33,31.12
Blur_s1,21.11,21.67,53.63,0.56,32.52
Blur_s1,21.82,21.45,55.17,0.37,33.35
Blur_s1,23.14,22.5,54.96,0.65,31.82
Blur_s1,21.18,21.61,55.6,0.43,34.42
Blur_s1,24.89,23.66,51.4,1.23,26.51
Blur_s1,23.65,22.55,54.99,1.1,31.34
Blur_s1,23.07,23.71,53.98,0.64,30.92
Blur_s1,23.04,22.54,50.79,0.5,27.74
Blur_s1,22.04,22.43,56.14,0.39,34.1
Blur_s1,23.71,22.57,54.58,1.13,30.87
Blur_s1,25.82,23.18,52.82,2.63,27.0
Blur_s1,21.94,21.98,55.86,0.04,33.92
Blur_s1,24.54,23.59,54.77,0.95,30.23
Blur_s1,23.54,22.8,54.03,0.74,30.49
Blur_s1,23.5,23.56,53.1,0.06,29.61
Blur_s1,21.82,22.31,54.47,0.49,32.65
Blur_s1,24.25,23.96,55.29,0.28,31.04
Blur_s1,21.56,22.09,55.11,0.53,33.55
Blur_s1,20.96,21.17,57.31,0.21,36.36
Blur_s1,23.66,22.24,53.82,1.42,30.15
Blur_s1,23.39,22.69,55.11,0.71,31.72
Blur_s1,25.06,23.64,54.84,1.42,29.78
Blur_s1,21.02,21.52,55.07,0.5,34.05
Blur_s1,24.5,24.36,53.89,0.14,29.39
Blur_s1,23.82,22.6,54.0,1.22,30.18
Blur_s1,24.46,23.78,47.77,0.68,23.31
Blur_s1,23.91,22.83,55.25,1.08,31.34
Blur_s1,22.92,23.16,54.51,0.24,31.58
Blur_s1,23.05,22.39,50.25,0.66,27.2
Blur_s1,24.75,24.66,50.15,0.08,25.4
Blur_s1,22.73,22.68,51.68,0.05,28.96
Blur_s1,23.13,23.38,56.12,0.25,32.99
Blur_s1,22.87,22.66,55.51,0.22,32.64
Blur_s1,22.74,22.54,52.73,0.2,29.99
Blur_s1,21.43,22.45,53.43,1.02,32.0
Blur_s1,24.55,23.87,52.02,0.68,27.47
Blur_s1,22.05,22.44,54.53,0.4,32.48
Blur_s1,23.45,23.18,53.31,0.28,29.86
Blur_s1,23.3,23.55,47.95,0.25,24.65
Blur_s1,23.19,23.16,54.14,0.03,30.96
Blur_s1,21.36,21.36,56.71,0.0,35.36
Blur_s1,23.84,23.34,54.5,0.5,30.67
Blur_s1,21.93,22.38,53.82,0.45,31.9
Blur_s1,23.68,23.75,53.47,0.07,29.79
Blur_s1,24.02,24.88,54.01,0.86,30.0
Blur_s1,24.6,23.48,51.37,1.12,26.78
Blur_s1,23.37,22.59,52.74,0.78,29.37
Blur_s1,24.38,23.37,53.27,1.02,28.88
Blur_s1,21.74,21.63,54.53,0.11,32.8
Blur_s1,21.05,21.45,56.92,0.4,35.87
Blur_s1,21.92,21.84,56.34,0.08,34.42
Blur_s1,23.33,23.2,51.94,0.13,28.6
Blur_s1,22.79,23.39,53.53,0.6,30.74
Blur_s1,24.52,22.7,51.26,1.81,26.74
Blur_s1,23.86,23.91,53.93,0.05,30.07
Blur_s1,23.7,23.34,53.57,0.36,29.87
Blur_s1,22.73,22.49,56.3,0.25,33.57
Blur_s1,23.0,22.46,53.26,0.53,30.26
Blur_s1,23.33,22.81,55.27,0.52,31.94
Blur_s1,22.67,21.86,52.38,0.81,29.71
Blur_s1,22.99,23.57,55.22,0.58,32.22
Blur_s1,22.62,22.71,54.13,0.09,31.51
Blur_s1,23.85,23.13,53.43,0.73,29.58
Blur_s1,22.11,22.21,55.31,0.1,33.2
Blur_s1,23.1,22.79,54.35,0.32,31.24
Blur_s1,25.02,24.12,54.17,0.9,29.15
Blur_s1,23.92,23.3,54.11,0.62,30.19
Blur_s1,22.58,22.37,54.01,0.21,31.43
Blur_s1,22.59,22.96,55.39,0.38,32.81
Blur_s1,24.58,23.66,53.51,0.92,28.94
Blur_s1,23.81,23.08,52.38,0.73,28.57
Blur_s1,20.95,21.29,54.91,0.34,33.97
Blur_s1,23.99,22.59,52.06,1.4,28.07
Blur_s1,22.79,23.35,48.66,0.56,25.87
Blur_s1,24.11,22.43,53.64,1.69,29.53
Blur_s1,22.92,22.43,56.34,0.49,33.42
Blur_s1,23.23,23.13,56.28,0.1,33.05
Blur_s1,24.84,23.61,55.66,1.23,30.82
Blur_s1,23.58,23.45,48.21,0.13,24.63
Blur_s1,23.0,22.44,51.44,0.56,28.43
Blur_s1,23.46,22.42,50.14,1.04,26.68
Blur_s1,25.53,24.72,47.52,0.8,21.99
Blur_s1,23.43,23.51,53.5,0.08,30.07
Blur_s1,22.47,22.44,53.97,0.04,31.5
Blur_s1,23.0,22.85,45.88,0.15,22.88
Blur_s1,22.34,21.89,53.35,0.45,31.02
Blur_s1,22.56,22.65,53.97,0.09,31.41
Blur_s1,23.76,22.31,51.73,1.45,27.97
Blur_s1,23.18,23.35,52.44,0.16,29.26
Blur_s1,24.29,23.59,52.97,0.71,28.67
Blur_s1,23.04,21.99,55.62,1.05,32.58
Blur_s1,23.54,23.53,53.23,0.02,29.68
Blur_s1,23.2,22.27,54.74,0.93,31.53
Blur_s1,22.96,22.55,55.38,0.41,32.42
Blur_s1,22.74,22.59,53.57,0.16,30.83
Blur_s1,23.41,23.11,54.44,0.3,31.03
Blur_s1,22.9,22.44,54.77,0.46,31.87
Blur_s1,22.31,22.36,54.11,0.05,31.8
Blur_s1,23.71,23.29,55.03,0.42,31.32
Blur_s1,23.13,23.09,56.24,0.05,33.11
Blur_s1,22.43,21.52,56.43,0.91,34.0
Blur_s1,23.06,22.45,54.75,0.62,31.69
Blur_s1,21.95,21.79,53.83,0.15,31.88
Blur_s1,22.18,22.32,55.11,0.14,32.93
Blur_s1,23.18,21.92,56.67,1.26,33.49
Blur_s1,23.5,23.56,56.2,0.06,32.7
Blur_s1,21.64,22.23,55.35,0.58,33.71
Blur_s1,22.23,21.98,55.28,0.25,33.05
Blur_s1,23.53,22.53,53.06,1.0,29.53
Blur_s1,22.96,23.41,54.65,0.44,31.69
Blur_s1,23.55,22.13,55.98,1.42,32.43
Blur_s1,23.69,22.82,52.33,0.86,28.65
Blur_s1,23.0,22.47,56.38,0.53,33.38
Blur_s1,23.71,23.51,51.95,0.19,28.24
Blur_s1,22.84,22.38,53.86,0.46,31.02
Blur_s1,22.21,21.85,53.77,0.36,31.56
Blur_s1,23.92,24.5,51.78,0.59,27.87
Blur_s1,22.4,22.75,52.01,0.35,29.61
Blur_s1,22.87,23.5,55.14,0.63,32.27
Blur_s1,22.82,22.04,53.45,0.78,30.63
Blur_s1,23.25,22.94,54.4,0.31,31.15
Blur_s1,23.18,23.24,52.77,0.06,29.59
Blur_s1,22.84,22.58,55.17,0.26,32.33
Blur_s1,20.68,21.12,56.15,0.44,35.47
Blur_s1,22.05,22.21,55.65,0.16,33.6
Blur_s1,25.21,22.81,53.12,2.4,27.9
Blur_s1,22.52,21.86,54.54,0.65,32.02
Blur_s1,24.49,23.27,53.69,1.22,29.2
Blur_s1,22.51,21.86,53.31,0.65,30.79
Blur_s1,21.02,21.27,52.5,0.25,31.48
Blur_s1,27.31,26.16,28.38,1.15,1.07
Blur_s1,23.41,22.67,54.29,0.74,30.88
Blur_s1,25.03,23.83,53.69,1.2,28.66
Blur_s1,22.36,22.26,56.11,0.1,33.75
Blur_s1,23.32,23.36,54.09,0.04,30.77
Blur_s1,22.72,21.89,56.2,0.83,33.48
Blur_s1,21.84,22.35,56.79,0.51,34.95
Blur_s1,24.26,23.82,53.66,0.45,29.4
Blur_s1,24.13,22.99,55.22,1.14,31.09
Blur_s1,23.03,22.86,52.2,0.17,29.17
Blur_s1,22.85,22.42,55.15,0.44,32.3
Blur_s1,22.7,22.44,53.42,0.25,30.72
Blur_s1,23.55,22.86,53.08,0.69,29.53
Blur_s1,23.79,23.82,50.89,0.03,27.1
Blur_s1,22.72,22.06,51.37,0.66,28.65
Blur_s1,23.2,22.78,52.77,0.43,29.56
Blur_s1,22.74,22.81,55.43,0.07,32.68
Blur_s1,23.27,23.31,53.63,0.04,30.36
Blur_s1,22.66,23.09,55.51,0.43,32.85
Blur_s1,23.87,23.19,54.37,0.68,30.5
Blur_s1,23.31,22.95,55.2,0.37,31.89
Blur_s1,22.15,22.32,52.69,0.17,30.54
Blur_s1,24.93,23.03,52.57,1.9,27.64
Blur_s1,22.9,22.88,48.18,0.02,25.29
Blur_s1,21.78,21.54,54.96,0.25,33.18
Blur_s1,21.38,21.43,55.87,0.05,34.48
Blur_s1,22.53,21.81,53.31,0.72,30.78
Blur_s1,23.51,23.29,50.82,0.22,27.32
Blur_s1,21.8,22.68,55.22,0.87,33.42
Blur_s1,22.99,22.96,44.61,0.04,21.61
Blur_s1,21.92,22.29,56.79,0.37,34.88
Blur_s1,22.32,21.67,54.97,0.65,32.65
Blur_s1,23.38,23.06,53.25,0.32,29.87
Blur_s1,21.76,22.44,56.12,0.69,34.36
Blur_s1,22.39,22.09,54.86,0.3,32.47
Blur_s1,22.03,22.13,55.47,0.1,33.44
Blur_s1,23.49,22.92,54.43,0.57,30.94
Blur_s1,22.77,22.73,55.31,0.04,32.54
Blur_s1,23.54,23.35,53.91,0.19,30.37
Blur_s1,21.89,21.62,55.18,0.27,33.3
Blur_s1,21.16,21.65,54.0,0.49,32.84
Blur_s1,21.57,21.37,56.4,0.2,34.83
Blur_s1,23.1,22.52,54.32,0.58,31.21
Blur_s1,23.3,22.75,55.81,0.55,32.51
Blur_s1,22.94,22.5,49.82,0.44,26.88
Blur_s1,25.44,24.0,52.43,1.44,26.99
Blur_s1,21.87,21.5,55.89,0.37,34.02
Blur_s1,21.88,21.83,55.64,0.06,33.75
Blur_s1,23.34,23.89,52.8,0.55,29.46
Blur_s1,23.7,22.63,53.85,1.07,30.15
Blur_s1,24.12,24.04,56.63,0.08,32.51
Blur_s1,24.88,23.57,52.99,1.31,28.11
Blur_s1,22.33,22.77,54.17,0.44,31.84
Blur_s1,22.89,22.86,52.34,0.03,29.45
Blur_s1,24.11,23.08,54.73,1.03,30.62
Blur_s1,23.2,22.29,56.2,0.91,33.0
Blur_s1,22.52,22.54,54.5,0.02,31.98
Blur_s1,22.92,22.82,53.99,0.1,31.07
Blur_s1,22.13,22.35,56.25,0.22,34.12
Blur_s1,21.77,21.96,54.33,0.19,32.55
Blur_s1,22.67,22.97,52.7,0.3,30.03
Blur_s1,25.4,23.52,52.87,1.88,27.47
Blur_s1,23.11,22.98,54.15,0.13,31.05
Blur_s1,22.65,22.92,54.5,0.28,31.85
Blur_s1,24.11,24.01,53.16,0.11,29.05
Blur_s1,22.6,22.76,56.1,0.16,33.5
Blur_s1,23.82,23.03,54.43,0.79,30.61
Blur_s1,24.58,23.41,48.27,1.16,23.7
Blur_s1,22.58,22.33,54.81,0.25,32.23
Blur_s1,23.6,22.74,51.9,0.86,28.3
Blur_s1,23.05,22.02,55.94,1.04,32.89
Blur_s1,24.61,23.51,55.38,1.1,30.78
Blur_s1,23.6,22.37,55.63,1.23,32.03
Blur_s1,22.17,22.24,56.11,0.07,33.95
Blur_s1,22.44,21.56,51.87,0.88,29.43
Blur_s1,22.18,22.64,54.76,0.46,32.58
Blur_s1,25.65,23.45,54.97,2.2,29.31
Blur_s2,18.63,17.31,54.78,1.31,36.16
Blur_s2,18.61,17.69,53.11,0.92,34.5
Blur_s2,19.56,18.84,53.05,0.71,33.49
Blur_s2,17.34,17.82,54.08,0.47,36.74
Blur_s2,18.97,19.07,53.61,0.11,34.64
Blur_s2,18.17,16.97,52.05,1.2,33.88
Blur_s2,17.28,17.02,53.0,0.26,35.72
Blur_s2,20.9,19.26,51.48,1.64,30.58
Blur_s2,19.01,19.0,51.94,0.01,32.93
Blur_s2,20.59,17.67,52.72,2.92,32.12
Blur_s2,18.27,17.53,54.18,0.74,35.91
Blur_s2,19.15,18.1,51.87,1.05,32.72
Blur_s2,16.69,17.47,54.56,0.78,37.86
Blur_s2,17.25,17.71,53.89,0.45,36.64
Blur_s2,18.72,16.24,53.27,2.48,34.55
Blur_s2,19.08,17.83,52.13,1.25,33.05
Blur_s2,18.83,16.75,54.53,2.08,35.7
Blur_s2,19.16,18.08,52.64,1.08,33.48
Blur_s2,19.88,18.05,53.07,1.83,33.19
Blur_s2,17.48,17.01,53.87,0.47,36.39
Blur_s2,17.21,16.77,53.68,0.44,36.47
Blur_s2,17.62,17.45,54.29,0.17,36.66
Blur_s2,17.53,17.06,55.5,0.48,37.96
Blur_s2,17.34,16.71,55.49,0.63,38.15
Blur_s2,18.71,18.15,52.5,0.56,33.79
Blur_s2,20.73,19.37,50.95,1.36,30.22
Blur_s2,17.69,16.15,53.83,1.54,36.14
Blur_s2,18.39,17.43,52.68,0.97,34.28
Blur_s2,16.75,16.36,54.63,0.39,37.88
Blur_s2,18.54,19.53,53.7,0.99,35.16
Blur_s2,17.94,16.69,52.59,1.26,34.65
Blur_s2,19.16,17.51,54.25,1.65,35.09
Blur_s2,17.82,16.39,53.68,1.44,35.85
Blur_s2,17.15,16.4,53.24,0.75,36.09
Blur_s2,21.15,19.49,51.09,1.66,29.95
Blur_s2,18.61,18.34,53.77,0.27,35.17
Blur_s2,16.88,16.96,52.78,0.08,35.9
Blur_s2,18.01,16.33,51.86,1.68,33.84
Blur_s2,19.38,16.64,53.34,2.74,33.96
Blur_s2,17.22,16.8,53.8,0.41,36.58
Blur_s2,17.6,17.16,54.28,0.44,36.68
Blur_s2,17.63,17.44,54.94,0.19,37.3
Blur_s2,18.05,18.38,53.98,0.33,35.94
Blur_s2,17.48,16.98,53.36,0.5,35.89
Blur_s2,21.12,20.22,52.28,0.9,31.16
Blur_s2,17.63,17.27,52.88,0.36,35.25
Blur_s2,18.42,17.05,51.78,1.37,33.36
Blur_s2,17.11,16.21,53.61,0.9,36.5
Blur_s2,18.16,17.88,55.01,0.28,36.85
Blur_s2,17.93,17.53,53.91,0.4,35.97
Blur_s2,17.42,16.91,52.75,0.51,35.33
Blur_s2,18.57,17.69,55.28,0.88,36.71
Blur_s2,17.06,17.13,54.38,0.07,37.31
Blur_s2,18.52,17.94,53.22,0.58,34.7
Blur_s2,16.64,16.92,53.81,0.29,37.18
Blur_s2,19.14,17.66,52.77,1.48,33.63
Blur_s2,16.36,16.32,53.27,0.04,36.9
Blur_s2,17.58,18.08,53.48,0.5,35.9
Blur_s2,18.58,16.57,53.94,2.01,35.36
Blur_s2,18.5,17.54,53.19,0.97,34.69
Blur_s2,18.87,18.31,53.09,0.56,34.22
Blur_s2,17.96,17.84,52.93,0.11,34.97
Blur_s2,17.61,17.37,53.36,0.24,35.74
Blur_s2,17.41,16.37,54.54,1.05,37.13
Blur_s2,18.19,16.62,52.61,1.56,34.43
Blur_s2,18.04,18.96,52.52,0.92,34.48
Blur_s2,18.27,17.4,52.92,0.87,34.65
Blur_s2,17.88,17.23,53.68,0.66,35.8
Blur_s2,17.77,17.51,52.64,0.26,34.88
Blur_s2,17.92,16.98,54.24,0.93,36.32
Blur_s2,18.05,16.96,52.99,1.09,34.94
Blur_s2,18.82,16.3,52.77,2.52,33.95
Blur_s2,16.71,16.93,53.74,0.22,37.02
Blur_s2,18.43,17.67,52.82,0.77,34.39
Blur_s2,17.4,16.95,54.91,0.45,37.51
Blur_s2,18.01,18.35,53.22,0.34,35.22
Blur_s2,18.05,18.0,53.38,0.05,35.33
Blur_s2,16.39,16.37,53.84,0.02,37.44
Blur_s2,20.29,19.28,53.49,1.01,33.2
Blur_s2,18.53,18.12,52.94,0.4,34.41
Blur_s2,17.63,16.66,53.9,0.97,36.27
Blur_s2,17.59,17.12,53.89,0.47,36.3
Blur_s2,17.34,17.19,54.07,0.15,36.73
Blur_s2,17.03,17.37,53.93,0.34,36.9
Blur_s2,20.43,19.64,50.57,0.79,30.15
Blur_s2,19.3,17.76,52.64,1.54,33.34
Blur_s2,18.14,16.8,51.86,1.34,33.72
Blur_s2,17.54,16.03,54.01,1.5,36.47
Blur_s2,17.97,17.44,53.36,0.53,35.39
Blur_s2,17.37,15.98,54.2,1.39,36.83
Blur_s2,20.37,17.5,51.92,2.87,31.55
Blur_s2,18.54,17.32,52.86,1.22,34.32
Blur_s2,19.36,17.38,54.52,1.99,35.16
Blur_s2,16.76,16.48,54.16,0.28,37.4
Blur_s2,17.77,17.9,53.38,0.13,35.61
Blur_s2,17.98,16.95,54.59,1.03,36.61
Blur_s2,18.12,16.47,53.18,1.65,35.06
Blur_s2,18.17,17.41,53.8,0.77,35.62
Blur_s2,18.55,18.77,53.65,0.23,35.1
Blur_s2,17.68,17.58,53.63,0.1,35.95
Blur_s2,17.2,16.38,51.71,0.82,34.51
Blur_s2,18.02,17.3,53.2,0.72,35.19
Blur_s2,18.1,17.05,54.19,1.06,36.09
Blur_s2,17.04,16.17,55.26,0.87,38.23
Blur_s2,16.87,16.9,54.5,0.03,37.63
Blur_s2,17.05,16.23,54.96,0.82,37.91
Blur_s2,18.4,17.41,52.37,0.99,33.96
Blur_s2,18.0,17.06,54.04,0.94,36.04
Blur_s2,18.08,16.86,53.2,1.21,35.13
Blur_s2,18.59,17.89,53.03,0.7,34.44
Blur_s2,17.99,16.61,52.65,1.37,34.66
Blur_s2,18.28,17.23,53.52,1.05,35.24
Blur_s2,16.59,16.68,54.0,0.09,37.41
Blur_s2,17.98,17.1,53.54,0.87,35.57
Blur_s2,18.56,17.72,51.82,0.84,33.27
Blur_s2,16.92,17.96,54.01,1.04,37.09
Blur_s2,16.89,16.39,53.02,0.5,36.13
Blur_s2,17.72,17.25,53.48,0.47,35.76
Blur_s2,19.63,17.93,53.25,1.7,33.62
Blur_s2,19.59,19.94,51.08,0.35,31.49
Blur_s2,20.93,18.9,52.27,2.04,31.34
Blur_s2,22.09,20.31,49.82,1.77,27.73
Blur_s2,17.15,17.16,54.72,0.02,37.57
Blur_s2,16.47,16.57,53.58,0.09,37.11
Blur_s2,16.8,17.23,54.2,0.43,37.39
Blur_s2,19.57,18.38,53.42,1.18,33.86
Blur_s2,17.71,16.98,53.39,0.73,35.68
Blur_s2,16.27,16.85,53.29,0.58,37.02
Blur_s2,17.81,16.93,53.11,0.88,35.3
Blur_s2,16.85,16.15,52.84,0.7,35.99
Blur_s2,16.66,16.42,53.5,0.24,36.84
Blur_s2,18.36,16.78,53.85,1.57,35.5
Blur_s2,18.81,20.0,52.91,1.19,34.1
Blur_s2,18.18,18.08,52.19,0.1,34.01
Blur_s2,18.96,17.32,52.85,1.64,33.89
Blur_s2,18.11,17.16,52.79,0.95,34.67
Blur_s2,17.75,16.89,53.02,0.87,35.27
Blur_s2,17.39,16.68,53.51,0.7,36.13
Blur_s2,19.8,18.29,51.31,1.5,31.52
Blur_s2,17.36,17.1,53.49,0.26,36.13
Blur_s2,18.07,16.89,52.07,1.18,34.0
Blur_s2,18.83,17.71,51.77,1.11,32.95
Blur_s2,20.26,18.64,51.12,1.63,30.86
Blur_s2,17.57,17.31,54.83,0.26,37.26
Blur_s2,21.92,19.51,49.42,2.41,27.5
Blur_s2,17.64,17.49,53.58,0.15,35.93
Blur_s2,17.57,17.56,53.45,0.01,35.88
Blur_s2,17.24,16.94,55.93,0.3,38.69
Blur_s2,18.14,17.22,53.33,0.92,35.19
Blur_s2,17.85,17.14,53.78,0.71,35.93
Blur_s2,18.96,17.88,54.06,1.08,35.09
Blur_s2,18.23,18.66,53.91,0.42,35.67
Blur_s2,19.16,19.87,53.18,0.7,34.01
Blur_s2,18.04,17.08,52.52,0.96,34.47
Blur_s2,18.17,18.3,53.08,0.13,34.91
Blur_s2,17.66,16.6,54.38,1.06,36.72
Blur_s2,19.56,18.69,53.47,0.87,33.91
Blur_s2,18.56,17.2,53.77,1.36,35.21
Blur_s2,16.6,16.48,53.67,0.11,37.07
Blur_s2,18.23,17.4,52.91,0.83,34.68
Blur_s2,19.0,18.36,52.35,0.64,33.35
Blur_s2,19.84,18.39,51.51,1.44,31.68
Blur_s2,19.28,19.72,54.48,0.44,35.2
Blur_s2,17.59,17.29,53.74,0.3,36.15
Blur_s2,18.49,18.13,53.5,0.37,35.0
Blur_s2,17.25,17.64,54.1,0.39,36.84
Blur_s2,17.49,17.43,53.12,0.07,35.62
Blur_s2,17.84,17.85,53.05,0.01,35.21
Blur_s2,20.43,18.14,51.52,2.29,31.09
Blur_s2,16.53,16.81,54.56,0.28,38.03
Blur_s2,18.62,17.04,53.79,1.58,35.17
Blur_s2,18.02,16.49,53.85,1.53,35.83
Blur_s2,18.14,16.72,53.32,1.42,35.18
Blur_s2,16.81,16.08,54.17,0.73,37.36
Blur_s2,18.85,17.25,53.69,1.6,34.84
Blur_s2,17.56,17.56,54.28,0.0,36.72
Blur_s2,17.62,17.04,53.45,0.58,35.83
Blur_s2,18.53,19.02,54.62,0.49,36.09
Blur_s2,18.63,17.71,52.99,0.92,34.35
Blur_s2,16.7,16.36,53.22,0.34,36.52
Blur_s2,19.0,17.47,52.48,1.53,33.48
Blur_s2,17.76,17.37,53.45,0.39,35.69
Blur_s2,18.22,17.27,54.19,0.96,35.97
Blur_s2,19.08,17.44,54.21,1.63,35.13
Blur_s2,16.69,17.07,54.17,0.38,37.49
Blur_s2,18.17,17.62,54.08,0.55,35.91
Blur_s2,17.41,16.25,54.73,1.15,37.32
Blur_s2,19.22,18.59,54.49,0.63,35.27
Blur_s2,18.21,18.35,51.78,0.14,33.56
Blur_s2,18.79,19.41,52.65,0.62,33.86
Blur_s2,18.56,17.85,53.53,0.71,34.97
Blur_s2,17.35,15.5,52.49,1.85,35.15
Blur_s2,18.48,17.04,52.33,1.44,33.85
Blur_s2,18.48,18.03,53.65,0.45,35.16
Blur_s2,18.4,18.91,53.05,0.51,34.66
Blur_s2,17.51,18.17,54.62,0.66,37.11
Blur_s2,20.21,19.8,50.75,0.41,30.54
Blur_s2,19.25,19.18,52.51,0.07,33.26
Blur_s2,17.18,16.65,54.17,0.53,36.99
Blur_s2,19.63,19.45,52.28,0.18,32.64
Blur_s2,16.72,16.69,54.82,0.02,38.1
Blur_s2,20.55,17.5,51.43,3.05,30.88
Blur_s2,17.15,16.73,53.93,0.42,36.78
Blur_s2,18.1,17.4,53.79,0.7,35.7
Blur_s2,19.75,17.41,52.83,2.34,33.08
Blur_s2,17.53,17.35,52.81,0.18,35.28
Blur_s2,18.53,17.79,52.53,0.74,34.0
Blur_s2,18.19,19.01,52.77,0.82,34.58
Blur_s2,18.32,17.91,52.83,0.41,34.51
Blur_s2,17.5,17.09,55.79,0.41,38.29
Blur_s2,17.06,16.79,53.54,0.28,36.47
Blur_s2,19.75,17.63,51.94,2.12,32.18
Blur_s2,18.45,18.82,52.9,0.37,34.46
Blur_s2,17.15,16.25,54.41,0.9,37.27
Blur_s2,19.69,20.96,56.54,1.27,36.85
Blur_s2,18.77,16.9,53.6,1.87,34.82
Blur_s2,19.02,17.5,55.51,1.52,36.49
Blur_s2,19.96,18.62,50.84,1.34,30.88
Blur_s2,16.95,15.98,54.89,0.96,37.94
Blur_s2,17.1,17.84,55.49,0.75,38.4
Blur_s2,19.07,18.02,53.16,1.05,34.1
Blur_s2,18.39,17.03,53.24,1.36,34.85
Blur_s2,17.95,17.47,54.59,0.48,36.64
Blur_s2,16.61,16.71,52.84,0.1,36.23
Blur_s2,17.25,16.69,54.02,0.56,36.77
Blur_s2,18.85,17.5,53.19,1.35,34.35
Blur_s2,17.7,16.56,52.52,1.14,34.82
Blur_s2,16.84,17.68,55.66,0.84,38.82
Blur_s2,17.61,18.93,53.03,1.33,35.43
Blur_s2,19.08,18.03,52.58,1.04,33.51
Blur_s2,17.99,17.53,53.41,0.46,35.42
Blur_s2,17.86,17.18,53.34,0.67,35.48
Blur_s2,17.59,17.01,52.3,0.58,34.71
Blur_s2,16.98,16.85,54.42,0.13,37.44
Blur_s2,17.25,16.18,53.01,1.08,35.76
Blur_s2,19.01,17.14,52.43,1.86,33.43
Blur_s2,18.11,17.28,53.99,0.84,35.88
Blur_s2,18.72,19.34,52.84,0.62,34.12
Blur_s2,18.49,16.91,52.72,1.58,34.23
Blur_s2,18.62,17.17,52.29,1.45,33.67
Blur_s2,17.51,16.41,53.79,1.1,36.28
Blur_s2,18.33,17.76,51.89,0.58,33.55
Blur_s2,18.07,17.38,53.5,0.69,35.44
Blur_s2,17.35,16.67,53.52,0.68,36.17
Blur_s2,18.43,16.96,53.43,1.47,35.01
Blur_s2,18.29,17.84,55.65,0.45,37.36
Blur_s2,19.05,18.17,51.45,0.88,32.4
Blur_s2,18.03,17.07,51.92,0.96,33.89
Blur_s2,16.95,16.73,54.6,0.22,37.65
Blur_s2,17.27,17.73,54.91,0.46,37.64
Blur_s2,17.26,16.95,54.43,0.3,37.18
Blur_s2,17.65,17.59,53.56,0.06,35.91
Blur_s2,19.06,17.98,51.11,1.08,32.05
Blur_s2,18.68,18.74,53.64,0.06,34.96
Blur_s2,18.09,17.87,52.23,0.22,34.14
Blur_s2,18.33,17.93,52.27,0.4,33.94
Blur_s2,17.83,16.45,53.2,1.38,35.37
Blur_s2,20.05,19.47,52.4,0.58,32.34
Blur_s2,17.39,17.2,55.71,0.19,38.32
Blur_s2,16.64,17.08,54.42,0.43,37.78
Blur_s2,18.92,17.26,52.82,1.67,33.89
Blur_s2,16.84,16.7,55.05,0.15,38.2
Blur_s2,18.57,16.97,52.91,1.61,34.34
Blur_s2,18.27,18.05,55.66,0.23,37.38
Blur_s2,17.88,17.28,53.68,0.6,35.81
Blur_s2,18.13,18.55,53.61,0.42,35.48
Blur_s2,19.06,17.62,52.17,1.44,33.1
Blur_s2,18.76,18.54,51.71,0.22,32.95
Blur_s2,17.23,16.12,53.08,1.11,35.85
Blur_s2,18.59,17.99,53.82,0.6,35.23
Blur_s2,16.7,17.36,54.22,0.66,37.52
Blur_s2,17.13,17.4,54.68,0.27,37.54
Blur_s2,18.28,18.05,52.75,0.23,34.47
Blur_s2,17.26,16.87,53.35,0.39,36.09
Blur_s2,18.84,18.2,52.32,0.64,33.49
Blur_s2,17.47,16.91,53.47,0.56,36.0
Blur_s2,17.58,17.05,52.55,0.53,34.97
Blur_s2,17.48,17.27,54.13,0.21,36.65
Blur_s2,18.32,18.28,53.65,0.04,35.33
Blur_s2,17.13,16.93,54.4,0.19,37.28
Blur_s2,17.44,16.63,53.29,0.81,35.85
Blur_s2,17.12,16.82,54.27,0.3,37.15
Blur_s2,18.08,18.21,54.24,0.12,36.15
Blur_s2,17.1,16.6,53.91,0.5,36.81
Blur_s2,17.24,16.81,53.95,0.43,36.71
Blur_s2,18.28,16.62,53.3,1.66,35.02
Blur_s2,18.47,18.88,53.59,0.41,35.12
Blur_s2,19.2,18.53,51.84,0.68,32.64
Blur_s2,18.46,17.85,54.53,0.61,36.07
Blur_s2,17.75,17.1,54.85,0.65,37.1
Blur_s2,17.84,16.68,53.69,1.16,35.85
Blur_s2,18.59,16.99,53.79,1.6,35.2
Blur_s2,17.73,17.46,53.74,0.26,36.01
Blur_s2,18.28,17.3,51.56,0.98,33.29
Blur_s2,18.01,17.35,52.36,0.66,34.34
Blur_s2,16.91,15.07,53.8,1.84,36.89
Blur_s2,17.83,16.56,53.32,1.27,35.49
Blur_s2,16.25,16.88,53.66,0.63,37.4
Blur_s2,17.18,16.81,54.68,0.37,37.5
Blur_s2,17.79,16.84,54.29,0.95,36.5
Blur_s2,17.41,16.39,53.97,1.02,36.56
Blur_s2,17.64,16.26,54.61,1.39,36.97
Blur_s2,17.94,17.04,52.45,0.9,34.51
Blur_s2,17.31,16.47,53.91,0.84,36.61
Blur_s2,18.1,18.12,54.01,0.02,35.91
Blur_s2,18.27,17.15,53.5,1.12,35.23
Blur_s2,18.95,17.95,52.69,1.0,33.74
Blur_s2,17.83,18.06,54.28,0.23,36.45
Blur_s2,18.31,16.73,52.76,1.58,34.45
Blur_s2,17.48,16.9,54.79,0.58,37.31
Blur_s2,18.0,16.48,53.09,1.52,35.09
Blur_s2,20.37,19.78,50.42,0.59,30.06
Blur_s2,19.96,19.04,51.5,0.92,31.54
Blur_s2,18.37,16.39,53.07,1.98,34.7
Blur_s2,16.86,15.76,52.97,1.1,36.11
Blur_s2,21.13,19.07,50.75,2.06,29.62
Blur_s2,19.82,18.27,52.92,1.55,33.1
Blur_s2,17.04,16.23,54.83,0.81,37.79
Blur_s2,18.14,17.64,53.84,0.5,35.7
Blur_s2,16.5,17.4,54.88,0.9,38.38
Blur_s2,18.65,17.32,53.96,1.32,35.31
Blur_s2,17.65,16.66,52.35,1.0,34.7
Blur_s2,18.12,18.21,52.54,0.09,34.42
Blur_s2,18.19,17.73,52.33,0.46,34.14
Blur_s2,17.94,17.59,53.24,0.36,35.3
Blur_s2,19.23,17.91,51.84,1.32,32.62
Blur_s2,17.11,16.57,52.9,0.54,35.78
Blur_s2,18.84,16.95,53.53,1.89,34.68
Blur_s2,17.8,17.68,54.05,0.11,36.25
Blur_s2,17.03,17.05,54.67,0.02,37.64
Blur_s2,16.98,16.45,53.96,0.53,36.98
Blur_s2,17.58,16.38,54.89,1.2,37.32
Blur_s2,18.02,18.36,53.78,0.35,35.77
Blur_s2,17.29,17.9,55.11,0.61,37.82
Blur_s2,18.84,18.35,52.69,0.49,33.85
Blur_s2,18.19,17.81,52.74,0.38,34.55
Blur_s2,17.38,17.3,53.73,0.08,36.35
Blur_s2,16.9,17.16,55.25,0.26,38.35
Blur_s2,17.09,17.01,55.21,0.07,38.12
Blur_s2,17.64,17.16,53.73,0.48,36.09
Blur_s2,16.58,16.6,53.05,0.01,36.46
Blur_s2,17.93,17.95,53.37,0.02,35.44
Blur_s2,17.04,16.25,52.99,0.79,35.96
Blur_s2,18.82,18.62,53.56,0.2,34.74
Blur_s2,18.48,17.89,52.5,0.59,34.02
Blur_s2,19.66,19.96,56.48,0.3,36.82
Blur_s2,20.25,17.19,51.98,3.06,31.74
Blur_s2,17.29,17.94,53.47,0.65,36.18
Blur_s2,17.72,16.89,53.6,0.83,35.88
Blur_s2,17.89,16.77,52.97,1.12,35.08
Blur_s2,22.79,23.41,47.95,0.62,25.16
Blur_s2,18.73,16.5,53.96,2.23,35.23
Blur_s2,18.72,18.41,53.0,0.31,34.28
Blur_s2,17.38,16.74,54.37,0.64,36.99
Blur_s2,18.72,17.65,53.23,1.06,34.51
Blur_s2,18.56,17.31,53.39,1.25,34.83
Blur_s2,17.81,16.2,53.74,1.61,35.93
Blur_s2,18.16,17.76,51.43,0.41,33.26
Blur_s2,19.49,17.42,52.49,2.07,33.0
Blur_s2,19.47,19.97,52.49,0.5,33.02
Blur_s2,17.52,17.16,53.87,0.36,36.35
Blur_s2,20.68,19.97,51.61,0.71,30.93
Blur_s2,18.21,17.91,51.21,0.3,33.0
Blur_s2,17.53,16.48,53.72,1.05,36.19
Blur_s2,18.46,16.98,52.53,1.48,34.07
Blur_s2,18.89,18.11,51.5,0.77,32.62
Blur_s2,17.37,16.91,52.75,0.46,35.38
Blur_s2,17.79,17.2,53.07,0.6,35.28
Blur_s2,19.76,17.85,52.41,1.91,32.65
Blur_s2,18.97,17.72,51.58,1.25,32.6
Blur_s2,17.86,16.4,53.51,1.46,35.65
Blur_s2,18.28,17.66,52.15,0.63,33.86
Blur_s2,18.44,16.75,53.76,1.68,35.33
Blur_s2,18.63,18.26,53.53,0.37,34.9
Blur_s2,18.32,17.12,52.04,1.2,33.73
Blur_s2,20.5,19.36,50.76,1.15,30.26
Blur_s2,17.73,17.32,53.59,0.41,35.86
Blur_s2,17.91,18.74,53.79,0.83,35.88
Blur_s2,16.96,16.94,52.89,0.02,35.93
Blur_s2,17.62,17.2,53.63,0.42,36.01
Blur_s2,18.34,17.07,52.95,1.27,34.6
Blur_s2,18.03,16.48,53.33,1.55,35.3
Blur_s2,17.86,17.47,53.7,0.39,35.84
Blur_s2,18.39,16.53,53.15,1.86,34.76
Blur_s2,17.81,17.41,53.08,0.4,35.26
Blur_s2,18.34,17.48,53.15,0.87,34.8
Blur_s2,19.04,18.31,52.58,0.72,33.55
Blur_s2,17.15,16.38,54.2,0.78,37.05
Blur_s2,17.36,16.31,54.79,1.05,37.43
Blur_s2,18.43,17.5,54.27,0.93,35.84
Blur_s2,18.07,17.47,55.23,0.6,37.16
Blur_s2,16.76,16.87,54.17,0.12,37.41
Blur_s2,18.68,16.57,52.23,2.11,33.55
Blur_s2,20.48,20.28,51.2,0.2,30.72
Blur_s2,17.26,17.2,53.84,0.06,36.58
Blur_s2,18.73,17.35,51.9,1.38,33.16
Blur_s2,17.98,17.45,53.95,0.52,35.98
Blur_s2,17.45,16.69,52.73,0.76,35.28
Blur_s2,18.84,17.43,53.3,1.41,34.46
Blur_s2,19.06,18.44,52.97,0.62,33.91
Blur_s2,17.6,17.51,53.6,0.09,36.0
Blur_s2,18.95,18.06,51.51,0.89,32.56
Blur_s2,18.93,18.45,52.29,0.48,33.37
Blur_s2,19.26,17.52,52.04,1.74,32.78
Blur_s2,18.97,18.24,52.72,0.74,33.75
Blur_s2,17.89,17.3,52.11,0.6,34.22
Blur_s2,18.06,16.84,53.17,1.21,35.12
Blur_s2,17.16,17.17,54.26,0.01,37.1
Blur_s2,17.41,16.78,51.7,0.63,34.29
Blur_s2,18.93,16.91,52.35,2.02,33.42
Blur_s2,18.06,17.35,53.16,0.72,35.1
Blur_s2,17.68,16.97,52.98,0.71,35.3
Blur_s2,18.31,17.98,52.8,0.33,34.49
Blur_s2,17.08,17.52,56.35,0.43,39.27
Blur_s2,16.47,15.62,54.31,0.85,37.85
Blur_s2,19.36,19.1,53.76,0.26,34.4
Blur_s2,19.45,20.56,51.29,1.11,31.84
Blur_s2,17.6,15.94,54.63,1.65,37.04
Blur_s2,19.91,17.43,51.45,2.48,31.54
Blur_s2,18.23,17.99,55.0,0.24,36.77
Blur_s2,17.34,16.73,54.6,0.61,37.26
Blur_s2,17.47,16.74,53.15,0.73,35.68
Blur_s2,17.57,17.17,53.84,0.41,36.27
Blur_s2,17.82,16.75,53.48,1.08,35.65
Blur_s2,18.15,16.76,53.42,1.4,35.27
Blur_s2,19.89,17.7,51.45,2.19,31.56
Blur_s2,17.9,17.01,53.14,0.89,35.23
Blur_s2,17.69,17.59,54.77,0.09,37.08
Blur_s2,16.8,16.43,53.71,0.37,36.91
Blur_s2,17.18,17.45,52.49,0.27,35.31
Blur_s2,19.31,18.87,52.02,0.44,32.71
Blur_s2,17.19,17.21,54.5,0.02,37.31
Blur_s2,18.15,16.9,54.35,1.26,36.19
Blur_s2,16.56,17.07,54.87,0.51,38.3
Blur_s2,16.84,16.87,53.68,0.04,36.84
Blur_s2,18.45,17.08,52.91,1.37,34.46
Blur_s2,17.9,18.03,53.48,0.12,35.58
Blur_s2,17.76,17.14,53.1,0.62,35.34
Blur_s2,17.96,16.31,54.38,1.65,36.42
Blur_s2,18.78,17.54,52.19,1.24,33.41
Blur_s2,18.52,19.3,53.7,0.78,35.18
Blur_s2,16.93,17.52,54.69,0.59,37.76
Blur_s2,17.94,17.62,53.56,0.32,35.63
Blur_s2,18.53,17.42,52.45,1.1,33.93
Blur_s2,17.63,17.17,52.4,0.46,34.77
Blur_s2,19.1,18.22,51.99,0.87,32.9
Blur_s2,18.08,17.51,52.7,0.57,34.61
Blur_s2,17.78,17.53,52.94,0.25,35.16
Blur_s2,18.26,16.77,51.67,1.49,33.41
Blur_s2,18.07,17.81,53.46,0.25,35.39
Blur_s3,16.9,16.2,48.3,0.7,31.4
Blur_s3,17.98,16.87,47.27,1.11,29.29
Blur_s3,15.88,15.14,48.37,0.73,32.5
Blur_s3,14.85,14.12,48.33,0.73,33.48
Blur_s3,17.85,16.64,48.12,1.21,30.27
Blur_s3,15.69,15.83,47.77,0.14,32.09
Blur_s3,16.96,16.17,48.48,0.8,31.52
Blur_s3,15.56,15.62,48.69,0.06,33.13
Blur_s3,18.38,17.46,44.35,0.92,25.96
Blur_s3,15.54,15.21,48.47,0.34,32.93
Blur_s3,17.0,16.39,45.53,0.61,28.53
Blur_s3,17.5,16.07,46.53,1.43,29.03
Blur_s3,15.49,14.96,48.45,0.53,32.96
Blur_s3,16.0,15.13,47.88,0.87,31.88
Blur_s3,15.55,14.77,47.61,0.79,32.06
Blur_s3,16.55,15.03,48.52,1.52,31.97
Blur_s3,15.05,15.54,48.26,0.49,33.21
Blur_s3,16.36,15.56,47.97,0.8,31.61
Blur_s3,15.69,15.69,47.41,0.0,31.72
Blur_s3,16.34,15.77,47.67,0.57,31.32
Blur_s3,16.28,15.11,48.5,1.17,32.21
Blur_s3,16.53,15.13,47.47,1.4,30.93
Blur_s3,15.23,15.2,48.2,0.03,32.97
Blur_s3,18.82,16.49,48.32,2.34,29.5
Blur_s3,17.49,15.92,48.52,1.57,31.03
Blur_s3,15.5,14.58,48.72,0.91,33.22
Blur_s3,15.87,15.31,48.1,0.56,32.22
Blur_s3,15.64,15.25,48.66,0.39,33.02
Blur_s3,16.32,14.87,48.02,1.45,31.7
Blur_s3,16.93,15.92,48.12,1.02,31.18
Blur_s3,16.24,16.58,48.03,0.34,31.79
Blur_s3,15.67,14.9,48.8,0.78,33.13
Blur_s3,15.36,14.92,48.34,0.44,32.98
Blur_s3,16.01,15.08,48.17,0.93,32.16
Blur_s3,16.78,15.48,48.5,1.3,31.72
Blur_s3,16.67,16.23,47.45,0.44,30.78
Blur_s3,15.89,15.37,47.87,0.52,31.97
Blur_s3,16.13,15.33,47.74,0.8,31.61
Blur_s3,17.04,15.94,48.08,1.1,31.04
Blur_s3,18.55,17.75,45.39,0.8,26.84
Blur_s3,16.26,15.27,47.13,1.0,30.87
Blur_s3,16.62,15.59,48.51,1.03,31.89
Blur_s3,17.07,17.56,48.4,0.49,31.32
Blur_s3,17.38,16.22,47.66,1.15,30.28
Blur_s3,17.51,16.94,48.16,0.57,30.65
Blur_s3,15.8,15.02,47.8,0.78,32.0
Blur_s3,17.33,16.78,48.07,0.55,30.74
Blur_s3,17.38,16.83,46.8,0.55,29.41
Blur_s3,15.49,15.19,48.66,0.3,33.17
Blur_s3,17.0,16.38,47.17,0.62,30.18
Blur_s3,16.33,15.32,48.16,1.01,31.83
Blur_s3,15.69,14.57,48.6,1.12,32.91
Blur_s3,15.76,15.04,47.51,0.72,31.75
Blur_s3,16.33,15.5,47.8,0.84,31.46
Blur_s3,16.87,16.07,47.45,0.8,30.58
Blur_s3,15.5,14.85,48.69,0.65,33.18
Blur_s3,16.54,15.8,48.04,0.74,31.51
Blur_s3,16.89,15.92,48.74,0.98,31.84
Blur_s3,15.33,15.61,48.23,0.28,32.9
Blur_s3,15.6,15.12,48.09,0.48,32.49
Blur_s3,18.14,17.77,48.02,0.37,29.87
Blur_s3,16.9,15.75,48.35,1.14,31.45
Blur_s3,15.52,15.26,48.0,0.25,32.48
Blur_s3,15.38,14.69,48.23,0.7,32.84
Blur_s3,16.93,15.96,48.5,0.97,31.57
Blur_s3,18.36,16.68,47.73,1.68,29.37
Blur_s3,16.07,16.14,48.08,0.07,32.0
Blur_s3,17.03,16.41,47.28,0.63,30.25
Blur_s3,15.46,14.8,48.04,0.67,32.58
Blur_s3,17.76,17.6,46.36,0.16,28.61
Blur_s3,16.82,16.2,48.61,0.62,31.8
Blur_s3,17.15,16.49,48.34,0.66,31.19
Blur_s3,16.28,15.34,48.42,0.94,32.14
Blur_s3,14.88,15.8,48.69,0.93,33.81
Blur_s3,15.89,15.57,48.49,0.32,32.61
Blur_s3,16.46,15.56,46.91,0.9,30.46
Blur_s3,15.85,14.9,48.21,0.95,32.36
Blur_s3,16.54,15.73,47.94,0.8,31.4
Blur_s3,16.0,15.18,47.56,0.81,31.57
Blur_s3,16.16,15.42,47.84,0.74,31.68
Blur_s3,15.03,15.8,48.86,0.77,33.83
Blur_s3,15.79,14.9,47.55,0.89,31.76
Blur_s3,16.81,15.44,48.05,1.37,31.24
Blur_s3,17.08,15.42,48.25,1.65,31.17
Blur_s3,16.41,14.99,48.17,1.42,31.76
Blur_s3,15.25,15.14,47.93,0.11,32.68
Blur_s3,15.3,15.36,48.51,0.06,33.21
Blur_s3,16.67,16.44,47.68,0.23,31.01
Blur_s3,16.68,15.87,48.35,0.82,31.66
Blur_s3,15.06,14.87,48.46,0.19,33.4
Blur_s3,15.62,15.2,48.32,0.41,32.7
Blur_s3,15.5,15.46,48.08,0.04,32.58
Blur_s3,16.77,16.13,47.29,0.64,30.51
Blur_s3,16.05,15.07,46.48,0.99,30.43
Blur_s3,18.42,17.41,46.96,1.01,28.54
Blur_s3,17.65,18.24,47.94,0.59,30.28
Blur_s3,16.9,17.11,47.93,0.21,31.02
Blur_s3,17.22,15.9,47.99,1.32,30.77
Blur_s3,15.97,15.57,48.35,0.4,32.37
Blur_s3,16.9,15.32,48.33,1.58,31.43
Blur_s3,16.03,16.2,48.33,0.17,32.3
Blur_s3,15.25,15.96,48.31,0.71,33.06
Blur_s3,16.54,15.93,47.58,0.61,31.05
Blur_s3,16.78,16.45,47.29,0.33,30.5
Blur_s3,16.3,15.38,48.21,0.93,31.91
Blur_s3,16.61,15.72,47.14,0.89,30.53
Blur_s3,16.59,16.25,47.07,0.35,30.48
Blur_s3,15.93,15.68,48.45,0.26,32.51
Blur_s3,16.86,16.31,47.51,0.54,30.65
Blur_s3,16.11,14.91,47.38,1.2,31.27
Blur_s3,16.28,15.15,47.62,1.13,31.34
Blur_s3,15.72,15.58,48.51,0.13,32.79
Blur_s3,17.89,17.78,48.37,0.11,30.49
Blur_s3,17.22,17.03,48.43,0.2,31.21
Blur_s3,15.25,14.78,48.29,0.47,33.04
Blur_s3,16.0,15.0,48.69,0.99,32.69
Blur_s3,16.32,15.77,48.47,0.55,32.15
Blur_s3,16.45,16.64,47.78,0.19,31.33
Blur_s3,15.61,14.4,48.32,1.22,32.71
Blur_s3,16.49,15.29,48.26,1.2,31.77
Blur_s3,15.71,14.82,47.54,0.88,31.83
Blur_s3,17.96,16.67,47.9,1.29,29.94
Blur_s3,16.76,16.63,47.54,0.13,30.79
Blur_s3,16.18,15.9,48.03,0.28,31.85
Blur_s3,15.18,14.84,48.04,0.34,32.86
Blur_s3,15.85,14.78,48.57,1.07,32.72
Blur_s3,16.49,15.07,48.45,1.42,31.95
Blur_s3,17.55,16.15,47.08,1.4,29.53
Blur_s3,16.56,15.29,47.44,1.27,30.88
Blur_s3,16.73,16.32,47.58,0.41,30.85
Blur_s3,15.66,15.03,48.47,0.63,32.81
Blur_s3,15.89,15.5,48.51,0.38,32.63
Blur_s3,15.82,14.52,46.32,1.29,30.51
Blur_s3,17.18,16.05,48.25,1.14,31.07
Blur_s3,15.96,15.63,47.57,0.33,31.61
Blur_s3,15.41,15.33,47.35,0.08,31.94
Blur_s3,16.32,15.46,46.52,0.86,30.19
Blur_s3,16.21,15.51,48.57,0.7,32.36
Blur_s3,16.55,15.97,47.63,0.57,31.08
Blur_s3,16.64,15.81,47.52,0.83,30.89
Blur_s3,18.16,17.55,47.29,0.61,29.13
Blur_s3,16.59,15.88,47.88,0.72,31.29
Blur_s3,15.94,15.23,48.12,0.71,32.18
Blur_s3,15.44,15.1,48.58,0.33,33.15
Blur_s3,15.68,15.54,48.75,0.15,33.06
Blur_s3,17.26,17.54,47.17,0.28,29.91
Blur_s3,17.45,16.08,45.69,1.37,28.23
Blur_s3,15.9,15.03,47.31,0.88,31.4
Blur_s3,15.5,15.28,48.06,0.22,32.56
Blur_s3,15.27,15.11,48.54,0.17,33.26
Blur_s3,16.35,15.73,47.91,0.63,31.56
Blur_s3,16.8,16.47,47.62,0.33,30.81
Blur_s3,16.35,15.87,46.37,0.48,30.02
Blur_s3,16.76,15.62,47.97,1.14,31.21
Blur_s3,15.33,14.84,47.67,0.49,32.34
Blur_s3,15.4,14.94,47.71,0.47,32.31
Blur_s3,16.64,15.96,48.11,0.67,31.47
Blur_s3,16.18,15.43,48.07,0.75,31.89
Blur_s3,16.65,15.54,46.96,1.1,30.31
Blur_s3,15.74,15.32,47.27,0.42,31.53
Blur_s3,15.81,14.75,48.27,1.06,32.47
Blur_s3,15.45,14.79,48.03,0.67,32.58
Blur_s3,17.45,15.89,48.75,1.56,31.3
Blur_s3,15.74,14.35,47.65,1.39,31.91
Blur_s3,15.52,14.82,47.73,0.7,32.21
Blur_s3,16.12,15.16,48.02,0.97,31.89
Blur_s3,17.29,16.95,48.03,0.34,30.74
Blur_s3,17.44,16.93,47.53,0.5,30.09
Blur_s3,16.24,16.06,47.78,0.17,31.54
Blur_s3,16.06,15.48,46.93,0.59,30.87
Blur_s3,16.02,14.94,47.43,1.07,31.41
Blur_s3,18.47,17.79,45.9,0.68,27.43
Blur_s3,16.85,14.9,46.98,1.95,30.13
Blur_s3,16.36,16.47,47.23,0.12,30.87
Blur_s3,17.78,16.36,47.45,1.42,29.67
Blur_s3,17.09,16.57,46.79,0.52,29.7
Blur_s3,16.0,15.29,48.44,0.71,32.44
Blur_s3,16.81,17.26,47.97,0.46,31.17
Blur_s3,15.71,14.63,48.12,1.08,32.42
Blur_s3,15.16,15.55,48.6,0.39,33.44
Blur_s3,15.9,15.0,47.38,0.89,31.48
Blur_s3,15.16,14.53,47.77,0.64,32.6
Blur_s3,16.63,16.51,46.68,0.12,30.05
Blur_s3,16.39,15.58,48.44,0.81,32.04
Blur_s3,16.66,16.61,47.01,0.06,30.35
Blur_s3,16.04,15.44,48.28,0.6,32.25
Blur_s3,16.91,15.97,48.37,0.94,31.46
Blur_s3,14.91,14.96,49.04,0.05,34.13
Blur_s3,17.1,16.18,46.8,0.92,29.7
Blur_s3,16.21,15.87,47.88,0.35,31.67
Blur_s3,15.86,15.14,47.26,0.71,31.4
Blur_s3,17.21,16.08,47.62,1.13,30.42
Blur_s3,15.95,15.82,48.37,0.13,32.43
Blur_s3,16.47,16.12,48.34,0.35,31.87
Blur_s3,16.02,17.22,46.68,1.2,30.66
Blur_s3,15.41,15.01,48.69,0.41,33.28
Blur_s3,17.64,16.86,47.24,0.77,29.61
Blur_s3,16.35,15.93,47.9,0.42,31.55
Blur_s3,15.38,15.06,48.12,0.32,32.73
Blur_s3,18.5,16.91,46.44,1.59,27.94
Blur_s3,17.55,17.14,48.25,0.41,30.7
Blur_s3,15.7,14.74,48.19,0.96,32.49
Blur_s3,16.24,16.03,48.59,0.21,32.34
Blur_s3,16.99,16.77,47.63,0.22,30.64
Blur_s3,16.96,16.22,47.93,0.73,30.97
Blur_s3,15.52,15.31,47.86,0.21,32.34
Blur_s3,16.96,14.78,47.83,2.18,30.87
Blur_s3,15.17,14.72,48.01,0.45,32.84
Blur_s3,15.87,15.4,47.96,0.47,32.09
Blur_s3,16.35,15.77,47.23,0.58,30.88
Blur_s3,16.53,15.92,47.45,0.61,30.92
Blur_s3,16.4,15.55,48.46,0.85,32.06
Blur_s3,17.38,17.5,48.37,0.12,30.99
Blur_s3,14.87,14.9,48.23,0.02,33.36
Blur_s3,16.51,15.6,46.95,0.91,30.44
Blur_s3,15.47,15.63,47.87,0.16,32.4
Blur_s3,15.95,15.11,46.34,0.84,30.39
Blur_s3,17.34,17.14,47.79,0.2,30.45
Blur_s3,16.64,15.2,46.89,1.44,30.25
Blur_s3,15.07,15.09,48.53,0.02,33.47
Blur_s3,16.48,16.88,47.6,0.4,31.12
Blur_s3,16.47,15.93,47.74,0.54,31.27
Blur_s3,16.73,14.87,47.82,1.86,31.1
Blur_s3,15.32,15.45,48.1,0.13,32.78
Blur_s3,15.86,15.08,47.84,0.78,31.98
Blur_s3,16.59,16.02,47.86,0.57,31.27
Blur_s3,15.71,14.71,48.72,1.0,33.01
Blur_s3,16.73,16.81,48.41,0.07,31.68
Blur_s3,16.65,16.49,45.87,0.16,29.22
Blur_s3,15.81,15.49,47.28,0.32,31.47
Blur_s3,16.7,16.39,47.79,0.31,31.08
Blur_s3,17.2,15.04,47.2,2.16,30.0
Blur_s3,16.86,16.17,48.2,0.69,31.35
Blur_s3,15.58,15.08,48.33,0.5,32.75
Blur_s3,15.63,15.16,48.42,0.47,32.79
Blur_s3,16.92,18.33,47.93,1.4,31.0
Blur_s3,17.53,16.89,47.86,0.64,30.33
Blur_s3,15.01,14.72,48.48,0.29,33.47
Blur_s3,15.62,15.43,48.53,0.19,32.91
Blur_s3,16.16,15.81,48.18,0.35,32.02
Blur_s3,17.4,16.44,48.01,0.95,30.61
Blur_s3,16.78,15.88,47.63,0.9,30.85
Blur_s3,15.5,14.55,48.26,0.95,32.76
Blur_s3,16.07,15.24,47.06,0.83,30.99
Blur_s3,15.52,15.97,47.95,0.45,32.43
Blur_s3,14.96,15.29,48.22,0.33,33.26
Blur_s3,16.07,15.66,47.66,0.41,31.6
Blur_s3,16.1,15.02,48.09,1.08,31.98
Blur_s3,15.84,15.62,47.87,0.23,32.03
Blur_s3,17.42,15.97,47.18,1.45,29.77
Blur_s3,15.15,15.37,48.72,0.22,33.57
Blur_s3,15.81,15.3,48.57,0.51,32.76
Blur_s3,15.33,14.65,48.08,0.68,32.75
Blur_s3,15.08,14.65,48.25,0.42,33.17
Blur_s3,16.38,15.72,47.67,0.66,31.28
Blur_s3,16.83,15.97,48.38,0.86,31.56
Blur_s3,15.72,14.57,48.83,1.16,33.11
Blur_s3,16.49,14.72,47.37,1.77,30.88
Blur_s3,16.05,15.76,48.55,0.28,32.5
Blur_s3,16.7,15.46,48.02,1.25,31.32
Blur_s3,17.4,16.19,47.23,1.21,29.83
Blur_s3,20.74,21.32,41.4,0.58,20.66
Blur_s3,16.19,15.3,48.35,0.89,32.15
Blur_s3,15.47,14.95,47.92,0.53,32.45
Blur_s3,17.47,15.75,47.9,1.72,30.43
Blur_s3,16.55,15.69,47.99,0.86,31.43
Blur_s3,15.21,15.07,48.2,0.15,32.98
Blur_s3,16.44,15.6,48.28,0.84,31.84
Blur_s3,16.03,16.19,48.31,0.16,32.28
Blur_s3,18.1,17.07,46.91,1.03,28.81
Blur_s3,16.68,15.88,48.5,0.81,31.82
Blur_s3,15.65,15.44,47.65,0.21,32.01
Blur_s3,16.69,15.46,48.03,1.23,31.34
Blur_s3,16.76,15.05,47.69,1.71,30.93
Blur_s3,15.16,14.86,48.45,0.3,33.29
Blur_s3,16.62,16.3,47.47,0.31,30.85
Blur_s3,16.17,15.84,47.94,0.33,31.77
Blur_s3,15.54,15.65,48.69,0.11,33.15
Blur_s3,17.78,15.8,47.51,1.98,29.73
Blur_s3,16.94,16.26,47.77,0.68,30.83
Blur_s3,15.43,15.23,47.73,0.19,32.3
Blur_s3,15.44,15.14,47.67,0.3,32.22
Blur_s3,15.98,14.63,47.91,1.35,31.93
Blur_s3,15.97,16.27,48.76,0.29,32.79
Blur_s3,17.2,16.32,47.73,0.88,30.53
Blur_s3,16.98,15.8,47.96,1.18,30.98
Blur_s3,16.63,15.82,48.26,0.81,31.63
Blur_s3,16.94,17.45,48.35,0.51,31.41
Blur_s3,16.42,15.48,48.53,0.94,32.11
Blur_s3,15.27,14.38,48.53,0.89,33.26
Blur_s3,16.94,15.91,47.51,1.03,30.58
Blur_s3,16.5,15.28,47.78,1.22,31.27
Blur_s3,15.52,14.64,48.01,0.88,32.49
Blur_s3,16.41,15.42,48.01,0.99,31.6
Blur_s3,18.86,17.21,44.34,1.64,25.49
Blur_s3,15.97,15.34,48.03,0.63,32.06
Blur_s3,16.98,16.6,48.62,0.38,31.64
Blur_s3,16.96,16.35,48.21,0.61,31.24
Blur_s3,17.61,16.25,48.17,1.36,30.56
Blur_s3,16.97,16.02,47.27,0.95,30.29
Blur_s3,17.58,16.25,47.47,1.33,29.88
Blur_s3,15.2,15.23,48.27,0.04,33.07
Blur_s3,19.19,18.27,48.11,0.92,28.92
Blur_s3,15.54,15.42,48.49,0.12,32.95
Blur_s3,15.94,15.23,48.16,0.7,32.23
Blur_s3,16.93,16.43,46.11,0.5,29.18
Blur_s3,16.34,15.36,47.99,0.99,31.64
Blur_s3,14.98,14.51,47.85,0.47,32.87
Blur_s3,15.92,15.5,48.36,0.41,32.44
Blur_s3,16.47,16.11,48.66,0.36,32.19
Blur_s3,16.66,15.25,47.22,1.41,30.55
Blur_s3,16.39,15.27,48.2,1.12,31.8
Blur_s3,17.16,16.2,48.41,0.96,31.25
Blur_s3,16.58,15.99,48.55,0.59,31.97
Blur_s3,18.21,16.97,47.9,1.24,29.69
Blur_s3,15.76,15.17,48.47,0.59,32.71
Blur_s3,16.81,16.02,47.61,0.8,30.79
Blur_s3,16.15,15.83,47.97,0.32,31.82
Blur_s3,17.12,16.06,48.15,1.05,31.04
Blur_s3,19.01,18.89,47.7,0.12,28.69
Blur_s3,16.12,15.52,47.73,0.61,31.61
Blur_s3,16.71,15.75,47.9,0.95,31.19
Blur_s3,15.5,15.53,48.22,0.04,32.73
Blur_s3,16.9,16.05,48.46,0.84,31.56
Blur_s3,15.68,15.54,47.87,0.14,32.19
Blur_s3,16.04,15.25,48.27,0.79,32.23
Blur_s3,16.79,14.46,48.27,2.33,31.48
Blur_s3,16.92,15.66,47.78,1.26,30.86
Blur_s3,17.3,16.52,47.93,0.78,30.63
Blur_s3,16.71,18.05,47.38,1.34,30.67
Blur_s3,15.38,14.94,47.87,0.44,32.49
Blur_s3,17.73,18.49,48.65,0.76,30.92
Blur_s3,16.67,17.47,47.64,0.79,30.97
Blur_s3,17.21,16.37,47.69,0.84,30.48
Blur_s3,15.73,14.72,48.61,1.02,32.88
Blur_s3,18.26,17.22,47.77,1.04,29.51
Blur_s3,15.98,15.59,48.67,0.39,32.69
Blur_s3,16.97,15.63,47.22,1.34,30.26
Blur_s3,15.8,15.02,48.1,0.78,32.29
Blur_s3,15.94,15.58,48.1,0.36,32.16
Blur_s3,15.88,15.52,47.43,0.36,31.55
Blur_s3,16.04,14.91,48.28,1.13,32.24
Blur_s3,17.21,15.77,47.44,1.45,30.23
Blur_s3,17.84,15.93,47.34,1.91,29.5
Blur_s3,16.75,15.6,48.24,1.15,31.49
Blur_s3,16.62,14.73,48.07,1.89,31.46
Blur_s3,15.0,15.05,48.8,0.06,33.8
Blur_s3,16.37,15.82,47.7,0.55,31.33
Blur_s3,16.5,16.25,48.12,0.25,31.63
Blur_s3,18.62,16.03,45.66,2.59,27.04
Blur_s3,16.36,15.37,47.79,0.99,31.43
Blur_s3,18.77,16.74,47.26,2.03,28.49
Blur_s3,16.15,15.32,48.23,0.83,32.08
Blur_s3,15.78,15.39,48.01,0.39,32.23
Blur_s3,17.32,15.94,46.33,1.38,29.01
Blur_s3,16.31,15.27,48.16,1.04,31.85
Blur_s3,17.38,17.34,48.28,0.05,30.9
Blur_s3,16.94,17.19,48.61,0.26,31.67
Blur_s3,16.96,16.06,47.1,0.9,30.15
Blur_s3,17.05,16.25,47.08,0.8,30.03
Blur_s3,16.64,15.99,47.55,0.65,30.91
Blur_s3,16.48,16.4,48.38,0.07,31.9
Blur_s3,16.21,15.01,47.75,1.2,31.55
Blur_s3,18.64,19.2,47.57,0.56,28.93
Blur_s3,15.51,14.91,48.51,0.6,33.0
Blur_s3,16.04,15.01,47.29,1.02,31.25
Blur_s3,14.77,14.99,47.97,0.22,33.2
Blur_s3,16.72,15.79,46.74,0.93,30.02
Blur_s3,17.38,16.72,47.2,0.67,29.81
Blur_s3,16.07,16.87,48.48,0.81,32.41
Blur_s3,17.52,16.41,47.78,1.11,30.26
Blur_s3,15.82,15.59,47.91,0.23,32.1
Blur_s3,16.42,16.35,47.31,0.07,30.89
Blur_s3,16.06,16.24,47.9,0.19,31.85
Blur_s3,15.66,14.88,47.55,0.77,31.9
Blur_s3,15.74,15.39,46.89,0.36,31.15
Blur_s3,16.65,15.86,46.87,0.78,30.22
Blur_s3,16.86,16.19,46.47,0.67,29.61
Blur_s3,16.23,15.54,48.74,0.69,32.51
Blur_s3,16.39,15.54,48.52,0.85,32.13
Blur_s3,16.12,15.18,47.6,0.94,31.48
Blur_s3,16.55,15.94,48.17,0.61,31.62
Blur_s3,15.08,14.85,48.41,0.23,33.33
Blur_s3,14.66,14.67,48.43,0.01,33.77
Blur_s3,15.16,15.34,47.26,0.18,32.1
Blur_s3,17.47,16.23,47.7,1.24,30.23
Blur_s3,18.49,17.28,48.27,1.21,29.78
Blur_s3,16.04,14.75,46.2,1.29,30.16
Blur_s3,16.22,15.81,47.52,0.41,31.3
Blur_s3,16.0,15.78,48.59,0.22,32.6
Blur_s3,16.47,15.97,48.78,0.5,32.31
Blur_s3,16.5,15.73,47.46,0.77,30.96
Blur_s3,16.76,15.83,48.16,0.93,31.4
Blur_s3,16.55,16.04,48.28,0.51,31.74
Blur_s3,15.81,15.48,48.83,0.33,33.01
Blur_s3,16.09,15.63,47.76,0.46,31.67
Blur_s3,16.59,15.84,47.79,0.75,31.2
Blur_s3,16.71,16.37,47.33,0.34,30.62
Blur_s3,18.54,18.37,47.67,0.17,29.13
Blur_s3,16.8,15.74,48.11,1.05,31.32
Blur_s3,16.0,15.95,48.85,0.05,32.85
Blur_s3,17.37,17.07,46.99,0.29,29.62
Blur_s3,17.53,16.73,47.89,0.79,30.36
Blur_s3,17.02,16.61,47.39,0.41,30.37
Blur_s3,18.8,16.83,45.34,1.97,26.53
Blur_s3,15.98,15.26,48.41,0.72,32.43
Blur_s3,16.67,15.74,46.21,0.93,29.54
Blur_s3,15.35,14.39,48.41,0.96,33.06
Blur_s3,16.08,15.24,48.79,0.83,32.72
Blur_s3,15.25,15.17,48.64,0.09,33.38
Blur_s3,16.84,16.26,48.23,0.58,31.39
Blur_s3,16.92,15.86,47.96,1.06,31.04
Blur_s3,16.01,16.44,47.57,0.42,31.56
Blur_s3,17.43,15.57,48.03,1.86,30.6
Blur_s3,17.04,15.84,48.16,1.19,31.12
Blur_s3,15.73,15.69,48.39,0.04,32.66
Blur_s3,16.02,15.47,47.68,0.56,31.66
Blur_s3,17.44,16.79,47.73,0.66,30.29
Blur_s3,16.06,15.5,47.1,0.55,31.04
Blur_s3,17.17,16.16,46.09,1.01,28.92
Blur_s3,16.74,15.58,48.33,1.17,31.59
Blur_s3,16.26,15.14,46.22,1.12,29.96
Blur_s3,15.88,15.7,48.77,0.18,32.88
Blur_s3,16.32,16.65,48.72,0.33,32.39
Blur_s3,14.94,14.56,48.43,0.38,33.49
Blur_s3,15.45,15.99,47.37,0.54,31.92
Blur_s3,17.23,16.43,48.13,0.8,30.9
Blur_s3,19.42,17.52,45.57,1.9,26.15
Blur_s3,15.62,15.48,48.58,0.14,32.96
Blur_s3,16.25,16.83,48.49,0.58,32.24
Blur_s3,16.15,15.63,45.4,0.51,29.26
Blur_s3,15.92,15.98,47.61,0.06,31.69
Blur_s3,15.42,14.82,48.17,0.59,32.76
Blur_s3,16.25,15.63,47.91,0.61,31.66
Blur_s3,16.55,16.18,47.31,0.38,30.76
Blur_s3,16.94,16.36,46.8,0.58,29.86
Blur_s3,15.77,15.53,47.84,0.24,32.07
Blur_s3,18.39,16.8,47.06,1.59,28.67
Blur_s3,15.92,15.94,48.41,0.02,32.49
Blur_s3,16.62,16.67,48.35,0.05,31.73
Blur_s3,16.24,15.13,48.43,1.11,32.2
Blur_s3,16.54,16.99,46.43,0.45,29.89
Blur_s3,15.07,14.52,48.4,0.55,33.33
Blur_s3,15.62,15.9,47.35,0.28,31.73
Blur_s3,17.5,16.16,48.0,1.34,30.5
Blur_s3,16.83,16.91,48.17,0.08,31.34
Blur_s3,15.86,14.77,48.28,1.09,32.42
Blur_s3,16.36,14.65,48.0,1.71,31.64
Blur_s3,16.19,16.32,47.64,0.13,31.44
Blur_s3,16.99,16.45,47.61,0.54,30.62
Compress_20,53.04,41.57,50.16,11.47,2.89
Compress_20,53.21,40.03,51.04,13.18,2.18
Compress_20,53.69,43.16,49.45,10.53,4.23
Compress_20,55.38,46.1,51.4,9.29,3.98
Compress_20,52.59,39.31,51.56,13.28,1.03
Compress_20,53.29,40.16,42.4,13.12,10.89
Compress_20,52.34,45.49,50.16,6.85,2.18
Compress_20,50.53,39.61,49.04,10.92,1.49
Compress_20,52.66,44.71,47.61,7.95,5.06
Compress_20,53.78,42.84,50.73,10.93,3.04
Compress_20,54.55,27.29,50.96,27.26,3.59
Compress_20,50.91,38.61,52.79,12.3,1.88
Compress_20,51.85,39.51,51.42,12.34,0.43
Compress_20,49.94,34.97,49.03,14.96,0.91
Compress_20,57.36,52.43,39.87,4.94,17.49
Compress_20,51.67,40.63,51.71,11.05,0.04
Compress_20,51.88,42.82,53.88,9.05,2.01
Compress_20,52.95,41.73,49.17,11.22,3.78
Compress_20,51.37,38.83,50.18,12.53,1.18
Compress_20,50.95,30.2,47.64,20.75,3.31
Compress_20,52.59,41.54,52.81,11.05,0.22
Compress_20,50.99,44.48,47.76,6.51,3.23
Compress_20,50.67,43.8,47.0,6.87,3.67
Compress_20,50.7,45.73,47.38,4.97,3.32
Compress_20,52.21,42.17,53.62,10.04,1.42
Compress_20,51.3,44.05,52.58,7.25,1.28
Compress_20,53.84,38.61,49.43,15.22,4.41
Compress_20,52.24,41.26,49.08,10.98,3.17
Compress_20,52.87,47.92,42.33,4.95,10.54
Compress_20,56.11,45.43,28.16,10.68,27.95
Compress_20,52.15,44.31,53.6,7.84,1.45
Compress_20,51.39,41.45,50.93,9.93,0.46
Compress_20,52.5,37.82,52.15,14.68,0.35
Compress_20,51.07,39.99,49.03,11.08,2.04
Compress_20,52.9,43.9,52.01,9.0,0.89
Compress_20,52.0,38.76,54.2,13.24,2.2
Compress_20,52.67,38.41,51.89,14.26,0.78
Compress_20,53.6,45.29,48.07,8.32,5.53
Compress_20,53.77,38.25,49.67,15.52,4.1
Compress_20,53.68,42.66,49.9,11.02,3.78
Compress_20,51.2,45.39,50.09,5.81,1.11
Compress_20,54.44,42.44,49.67,12.0,4.77
Compress_20,53.81,43.72,47.56,10.09,6.25
Compress_20,53.75,42.16,47.26,11.59,6.49
Compress_20,53.42,34.11,52.08,19.3,1.34
Compress_20,52.35,35.3,50.76,17.05,1.59
Compress_20,52.91,41.26,51.48,11.66,1.43
Compress_20,50.41,42.27,30.56,8.14,19.85
Compress_20,53.14,37.75,51.0,15.39,2.14
Compress_20,53.18,41.11,52.4,12.07,0.79
Compress_20,53.21,40.93,51.96,12.28,1.25
Compress_20,55.25,46.07,50.29,9.18,4.96
Compress_20,52.29,37.97,49.05,14.33,3.24
Compress_20,53.73,35.14,51.4,18.59,2.32
Compress_20,53.23,43.34,51.65,9.89,1.59
Compress_20,52.58,42.94,53.75,9.63,1.18
Compress_20,54.61,41.03,50.65,13.58,3.96
Compress_20,52.87,41.3,49.25,11.57,3.63
Compress_20,50.7,40.95,40.49,9.75,10.21
Compress_20,54.31,44.08,47.69,10.23,6.62
Compress_20,55.17,41.8,47.09,13.38,8.09
Compress_20,53.6,43.13,52.94,10.47,0.66
Compress_20,51.52,44.89,51.16,6.63,0.36
Compress_20,52.84,41.78,52.01,11.06,0.83
Compress_20,55.01,40.29,51.97,14.72,3.04
Compress_20,52.79,37.8,52.77,14.99,0.02
Compress_20,52.57,39.87,48.92,12.71,3.65
Compress_20,54.45,45.45,49.72,9.0,4.74
Compress_20,52.7,42.06,48.22,10.64,4.48
Compress_20,52.31,37.05,54.25,15.26,1.94
Compress_20,54.77,41.23,51.81,13.54,2.96
Compress_20,54.46,37.08,42.73,17.37,11.72
Compress_20,53.12,49.32,43.23,3.8,9.89
Compress_20,49.05,37.19,32.63,11.86,16.42
Compress_20,54.25,43.43,37.34,10.82,16.9
Compress_20,53.86,45.4,53.37,8.46,0.49
Compress_20,52.18,44.54,50.61,7.64,1.57
Compress_20,53.76,42.04,40.42,11.72,13.34
Compress_20,54.11,41.6,51.03,12.51,3.09
Compress_20,52.23,39.6,51.07,12.63,1.15
Compress_20,53.81,42.75,35.92,11.06,17.89
Compress_20,54.58,40.91,50.87,13.67,3.71
Compress_20,51.56,38.96,51.65,12.6,0.09
Compress_20,51.31,45.69,52.84,5.62,1.53
Compress_20,56.74,48.04,53.45,8.7,3.29
Compress_20,56.81,41.14,49.14,15.67,7.67
Compress_20,53.53,38.56,41.49,14.97,12.04
Compress_20,52.17,44.02,52.14,8.15,0.03
Compress_20,49.91,39.5,50.44,10.4,0.53
Compress_20,51.62,41.07,35.52,10.55,16.1
Compress_20,52.2,41.64,53.34,10.56,1.14
Compress_20,52.19,47.85,53.01,4.34,0.82
Compress_20,54.87,45.49,49.17,9.38,5.7
Compress_20,51.36,45.14,50.45,6.22,0.91
Compress_20,51.57,38.59,53.03,12.98,1.45
Compress_20,56.09,46.03,51.8,10.06,4.28
Compress_20,51.01,40.3,52.92,10.71,1.91
Compress_20,53.98,42.41,50.95,11.57,3.03
Compress_20,53.66,40.32,52.57,13.34,1.09
Compress_20,52.49,40.66,50.18,11.83,2.31
Compress_20,52.82,41.06,48.53,11.76,4.29
Compress_20,52.05,41.4,50.74,10.65,1.31
Compress_20,53.19,40.38,43.02,12.81,10.17
Compress_20,50.65,38.25,54.48,12.4,3.83
Compress_20,55.51,42.01,49.2,13.5,6.31
Compress_20,52.63,39.35,47.29,13.29,5.34
Compress_20,52.9,40.78,49.5,12.12,3.4
Compress_20,52.62,42.66,29.28,9.96,23.33
Compress_20,54.89,46.64,43.65,8.25,11.24
Compress_20,53.59,39.28,48.67,14.31,4.92
Compress_20,56.37,40.74,48.78,15.63,7.59
Compress_20,54.08,41.27,55.4,12.81,1.32
Compress_20,54.26,47.02,46.38,7.24,7.88
Compress_20,54.87,45.91,51.42,8.97,3.45
Compress_20,52.33,44.03,53.09,8.31,0.76
Compress_20,54.12,43.85,51.06,10.27,3.06
Compress_20,54.14,38.66,52.86,15.48,1.28
Compress_20,51.53,43.04,50.73,8.49,0.8
Compress_20,54.57,47.43,51.54,7.14,3.03
Compress_20,52.11,39.75,53.71,12.36,1.6
Compress_20,53.47,41.41,51.8,12.06,1.67
Compress_20,54.1,40.66,49.39,13.44,4.71
Compress_20,55.08,43.15,50.65,11.94,4.43
Compress_20,53.52,44.21,51.16,9.31,2.37
Compress_20,54.11,44.81,45.13,9.3,8.98
Compress_20,54.28,42.12,47.14,12.15,7.13
Compress_20,53.56,46.2,47.42,7.36,6.14
Compress_20,52.91,41.12,53.53,11.79,0.62
Compress_20,57.11,44.33,49.55,12.78,7.56
Compress_20,54.85,43.22,46.92,11.63,7.93
Compress_20,54.35,44.05,49.51,10.29,4.83
Compress_20,51.25,46.21,49.62,5.03,1.62
Compress_20,52.76,44.2,53.27,8.56,0.5
Compress_20,53.5,45.45,44.61,8.05,8.88
Compress_20,54.5,41.96,46.92,12.54,7.57
Compress_20,54.31,40.04,53.48,14.27,0.83
Compress_20,52.85,41.77,53.66,11.08,0.81
Compress_20,51.9,40.54,52.82,11.36,0.92
Compress_20,51.48,35.08,52.77,16.4,1.29
Compress_20,54.13,42.38,49.29,11.75,4.84
Compress_20,52.56,40.2,39.86,12.37,12.7
Compress_20,52.35,42.72,48.23,9.63,4.11
Compress_20,56.36,46.16,52.47,10.2,3.89
Compress_20,53.09,43.91,52.19,9.18,0.9
Compress_20,53.4,41.84,51.78,11.56,1.62
Compress_20,53.76,43.79,52.33,9.97,1.43
Compress_20,51.32,41.59,51.79,9.73,0.47
Compress_20,53.69,47.27,51.22,6.42,2.47
Compress_20,53.6,40.45,50.07,13.15,3.53
Compress_20,52.68,41.12,52.48,11.56,0.2
Compress_20,50.54,45.06,55.39,5.48,4.85
Compress_20,53.01,41.84,54.53,11.17,1.51
Compress_20,54.26,41.56,15.58,12.7,38.68
Compress_20,53.29,43.93,50.56,9.36,2.73
Compress_20,51.86,40.11,51.3,11.75,0.56
Compress_20,50.63,39.08,52.9,11.55,2.27
Compress_20,56.02,40.31,48.75,15.71,7.27
Compress_20,53.12,40.09,47.83,13.04,5.29
Compress_20,54.47,45.6,50.91,8.87,3.56
Compress_20,50.68,47.28,40.54,3.4,10.14
Compress_20,56.22,46.76,51.07,9.45,5.14
Compress_20,53.75,39.61,51.9,14.13,1.84
Compress_20,51.18,34.85,54.46,16.33,3.28
Compress_20,51.46,48.45,23.4,3.01,28.06
Compress_20,52.95,40.43,46.22,12.52,6.73
Compress_20,52.51,45.3,51.27,7.22,1.25
Compress_20,53.92,40.27,55.03,13.65,1.12
Compress_20,53.2,41.27,51.37,11.93,1.82
Compress_20,52.19,42.12,54.21,10.07,2.02
Compress_20,52.31,43.26,49.8,9.05,2.5
Compress_20,51.92,37.32,51.47,14.6,0.45
Compress_20,53.72,41.35,52.02,12.38,1.71
Compress_20,53.64,38.47,47.29,15.17,6.35
Compress_20,52.45,44.5,48.61,7.95,3.85
Compress_20,52.93,38.06,49.83,14.87,3.1
Compress_20,52.2,40.12,43.2,12.08,8.99
Compress_20,52.31,41.0,53.88,11.32,1.57
Compress_20,51.59,42.8,40.82,8.78,10.77
Compress_20,54.21,39.99,44.9,14.22,9.31
Compress_20,52.46,42.32,49.44,10.14,3.03
Compress_20,54.38,38.03,51.62,16.34,2.75
Compress_20,51.18,36.77,52.43,14.41,1.26
Compress_20,53.5,39.64,49.31,13.86,4.19
Compress_20,54.2,42.57,51.13,11.63,3.07
Compress_20,54.8,42.87,49.21,11.94,5.6
Compress_20,55.74,46.62,44.01,9.12,11.73
Compress_20,53.35,35.51,51.62,17.84,1.72
Compress_20,54.58,35.28,52.32,19.3,2.26
Compress_20,53.14,45.39,53.51,7.75,0.37
Compress_20,53.29,39.7,48.51,13.59,4.78
Compress_20,53.46,42.5,51.49,10.97,1.97
Compress_20,52.35,36.9,41.05,15.45,11.3
Compress_20,52.97,44.48,46.86,8.49,6.1
Compress_20,55.61,43.61,47.18,12.0,8.43
Compress_20,51.59,41.1,53.34,10.49,1.75
Compress_20,53.41,41.34,50.77,12.07,2.64
Compress_20,51.6,42.9,50.39,8.7,1.21
Compress_20,55.67,40.26,51.95,15.41,3.71
Compress_20,51.34,43.28,51.21,8.06,0.13
Compress_20,53.13,41.96,53.07,11.17,0.06
Compress_20,53.29,42.41,45.67,10.88,7.62
Compress_20,52.79,39.38,53.17,13.4,0.39
Compress_20,54.65,42.62,53.43,12.03,1.22
Compress_20,54.8,38.94,44.97,15.86,9.83
Compress_20,53.09,39.23,49.18,13.86,3.9
Compress_20,52.75,37.39,54.7,15.35,1.95
Compress_20,53.03,40.84,52.11,12.19,0.92
Compress_20,53.56,36.79,51.51,16.77,2.05
Compress_20,53.95,36.07,51.82,17.89,2.13
Compress_20,53.49,43.98,46.58,9.51,6.91
Compress_20,51.9,41.54,53.97,10.36,2.07
Compress_20,51.31,40.8,51.94,10.51,0.63
Compress_20,52.66,43.79,46.82,8.87,5.83
Compress_20,55.28,44.24,49.45,11.04,5.83
Compress_20,52.48,40.6,54.1,11.87,1.63
Compress_20,52.21,35.74,55.42,16.47,3.21
Compress_20,53.25,42.42,51.02,10.83,2.24
Compress_20,55.42,46.16,32.66,9.26,22.77
Compress_20,54.78,41.38,41.06,13.39,13.72
Compress_20,51.85,36.9,50.13,14.95,1.72
Compress_20,53.57,46.44,41.15,7.14,12.43
Compress_20,52.71,40.42,51.57,12.29,1.14
Compress_20,53.08,44.1,45.23,8.98,7.85
Compress_20,53.91,39.8,49.65,14.11,4.26
Compress_20,54.1,41.43,54.05,12.67,0.05
Compress_20,52.01,44.58,52.67,7.44,0.66
Compress_20,51.76,41.27,45.84,10.49,5.92
Compress_20,54.24,36.92,52.26,17.32,1.97
Compress_20,53.49,38.82,50.96,14.67,2.53
Compress_20,52.87,37.63,52.34,15.23,0.53
Compress_20,52.11,40.89,52.44,11.22,0.33
Compress_20,57.13,42.39,35.27,14.73,21.86
Compress_20,52.69,37.53,49.81,15.15,2.87
Compress_20,53.58,44.68,52.88,8.89,0.69
Compress_20,53.07,36.7,47.8,16.37,5.27
Compress_20,52.94,40.82,52.88,12.12,0.06
Compress_20,52.49,39.97,50.23,12.52,2.26
Compress_20,53.87,42.3,50.33,11.57,3.54
Compress_20,51.88,39.83,50.93,12.05,0.95
Compress_20,56.7,41.78,50.2,14.92,6.5
Compress_20,53.37,41.45,51.68,11.91,1.69
Compress_20,51.64,38.34,53.83,13.3,2.19
Compress_20,51.75,36.89,50.43,14.86,1.33
Compress_20,54.02,38.83,53.52,15.19,0.5
Compress_20,53.26,41.26,56.07,12.0,2.8
Compress_20,52.53,38.42,53.88,14.11,1.35
Compress_20,52.72,39.09,52.03,13.62,0.68
Compress_20,56.34,47.98,32.65,8.36,23.68
Compress_20,51.36,35.28,48.92,16.08,2.45
Compress_20,51.16,36.83,53.59,14.33,2.43
Compress_20,53.85,35.58,16.5,18.27,37.35
Compress_20,53.37,39.6,50.26,13.77,3.11
Compress_20,53.59,38.8,50.71,14.79,2.88
Compress_20,50.91,45.95,49.82,4.95,1.09
Compress_20,52.88,40.38,53.33,12.5,0.45
Compress_20,56.6,46.82,50.71,9.78,5.89
Compress_20,54.43,46.67,44.39,7.75,10.03
Compress_20,50.98,46.12,46.13,4.86,4.84
Compress_20,54.8,44.39,51.99,10.41,2.81
Compress_20,52.9,41.73,53.07,11.17,0.17
Compress_20,53.3,38.95,52.31,14.34,0.99
Compress_20,52.52,40.28,50.32,12.24,2.2
Compress_20,53.17,37.24,50.36,15.92,2.81
Compress_20,50.44,44.94,42.58,5.5,7.85
Compress_20,54.51,46.06,44.16,8.44,10.35
Compress_20,54.08,41.86,53.46,12.22,0.62
Compress_20,52.85,32.21,49.53,20.63,3.32
Compress_20,52.79,38.99,52.99,13.8,0.2
Compress_20,55.68,41.44,48.66,14.24,7.03
Compress_20,54.53,42.45,52.12,12.08,2.41
Compress_20,57.13,48.23,47.66,8.91,9.47
Compress_20,52.26,40.21,52.48,12.05,0.22
Compress_20,53.83,39.09,55.06,14.74,1.23
Compress_20,55.06,41.08,48.14,13.98,6.92
Compress_20,53.68,43.6,51.35,10.07,2.33
Compress_20,51.22,42.49,46.35,8.73,4.87
Compress_20,51.35,40.44,52.31,10.91,0.96
Compress_20,52.45,43.77,49.83,8.68,2.61
Compress_20,55.76,48.23,14.66,7.53,41.1
Compress_20,54.74,41.23,52.68,13.52,2.06
Compress_20,54.65,44.69,49.31,9.95,5.34
Compress_20,52.5,39.16,52.75,13.34,0.25
Compress_20,52.93,32.83,52.61,20.1,0.33
Compress_20,53.07,46.74,50.86,6.33,2.2
Compress_20,53.15,45.65,50.01,7.5,3.14
Compress_20,54.89,44.84,47.64,10.05,7.26
Compress_20,52.99,40.34,51.38,12.66,1.61
Compress_20,52.73,43.21,51.0,9.52,1.73
Compress_20,51.9,38.62,53.87,13.28,1.98
Compress_20,51.52,43.35,49.05,8.17,2.47
Compress_20,49.98,34.53,44.35,15.44,5.62
Compress_20,52.3,47.51,49.5,4.79,2.8
Compress_20,53.96,38.2,52.73,15.76,1.23
Compress_20,54.35,45.71,53.74,8.65,0.61
Compress_20,53.1,44.5,47.94,8.59,5.16
Compress_20,52.97,40.37,50.77,12.6,2.2
Compress_20,52.46,38.03,50.15,14.42,2.31
Compress_20,54.24,42.44,47.81,11.81,6.43
Compress_20,53.88,47.24,52.37,6.64,1.51
Compress_20,54.21,43.61,47.45,10.61,6.76
Compress_20,53.16,42.14,49.28,11.02,3.89
Compress_20,52.43,44.72,50.89,7.72,1.54
Compress_20,55.57,37.5,48.4,18.07,7.17
Compress_20,53.77,38.28,53.07,15.48,0.7
Compress_20,55.92,42.31,52.19,13.61,3.73
Compress_20,52.72,37.61,53.05,15.11,0.32
Compress_20,56.76,47.68,46.82,9.08,9.94
Compress_20,56.88,37.85,52.32,19.04,4.57
Compress_20,52.91,42.12,44.75,10.79,8.16
Compress_20,53.11,43.74,52.84,9.37,0.26
Compress_20,50.88,41.02,52.27,9.87,1.39
Compress_20,52.45,45.71,37.01,6.73,15.43
Compress_20,50.83,38.97,53.09,11.86,2.26
Compress_20,52.21,37.95,46.1,14.26,6.11
Compress_20,53.78,41.92,47.32,11.86,6.46
Compress_20,51.08,43.52,40.09,7.56,10.98
Compress_20,51.92,44.5,46.36,7.43,5.56
Compress_20,53.24,44.45,49.14,8.79,4.09
Compress_20,54.09,45.34,52.62,8.75,1.47
Compress_20,53.36,40.29,55.29,13.07,1.93
Compress_20,56.23,39.48,50.57,16.75,5.66
Compress_20,54.21,38.37,51.24,15.84,2.97
Compress_20,55.78,36.72,50.84,19.06,4.94
Compress_20,51.64,41.48,53.1,10.16,1.46
Compress_20,52.75,44.46,47.64,8.29,5.11
Compress_20,52.73,42.66,47.14,10.07,5.59
Compress_20,51.82,34.55,50.86,17.27,0.97
Compress_20,50.2,39.4,54.52,10.8,4.32
Compress_20,51.76,45.94,25.04,5.82,26.71
Compress_20,57.0,47.69,42.0,9.32,15.0
Compress_20,52.87,39.25,53.48,13.62,0.61
Compress_20,55.55,40.08,51.88,15.47,3.67
Compress_20,55.35,44.84,45.41,10.51,9.94
Compress_20,56.3,47.46,49.98,8.84,6.32
Compress_20,54.52,39.21,52.28,15.31,2.24
Compress_20,53.14,40.37,51.27,12.77,1.87
Compress_20,52.82,39.75,49.85,13.07,2.97
Compress_20,53.89,40.48,51.02,13.41,2.87
Compress_20,53.05,43.58,52.25,9.47,0.8
Compress_20,56.51,43.1,49.91,13.4,6.6
Compress_20,53.17,44.04,46.58,9.13,6.59
Compress_20,53.49,41.43,50.49,12.07,3.0
Compress_20,52.36,41.98,51.28,10.38,1.08
Compress_20,52.23,39.24,52.33,12.99,0.1
Compress_20,54.33,41.36,49.69,12.97,4.64
Compress_20,55.59,43.67,49.45,11.92,6.14
Compress_20,51.49,38.55,55.02,12.94,3.53
Compress_20,53.35,41.23,49.96,12.12,3.39
Compress_20,51.49,46.77,32.5,4.73,18.99
Compress_20,52.48,43.97,52.8,8.51,0.32
Compress_20,53.09,41.67,46.3,11.41,6.79
Compress_20,54.82,43.22,53.01,11.61,1.81
Compress_20,52.52,37.6,53.47,14.92,0.95
Compress_20,53.66,40.21,50.48,13.45,3.18
Compress_20,53.7,45.49,49.73,8.2,3.96
Compress_20,52.88,38.08,51.62,14.8,1.26
Compress_20,54.12,41.4,52.93,12.72,1.19
Compress_20,50.14,38.71,53.42,11.43,3.29
Compress_20,52.88,36.53,49.87,16.36,3.01
Compress_20,52.73,41.24,53.52,11.49,0.79
Compress_20,53.96,40.14,48.56,13.82,5.4
Compress_20,55.7,41.58,49.56,14.11,6.14
Compress_20,52.94,44.06,53.01,8.88,0.07
Compress_20,51.7,34.94,50.93,16.76,0.77
Compress_20,53.57,42.77,49.29,10.8,4.28
Compress_20,55.82,42.76,51.87,13.06,3.96
Compress_20,54.09,44.61,48.78,9.48,5.31
Compress_20,52.49,41.74,52.1,10.75,0.39
Compress_20,53.48,38.96,49.0,14.52,4.47
Compress_20,53.53,41.4,49.56,12.13,3.96
Compress_20,53.93,41.17,47.81,12.76,6.13
Compress_20,51.86,42.89,54.49,8.97,2.63
Compress_20,52.16,40.03,50.54,12.12,1.62
Compress_20,52.92,38.59,51.38,14.33,1.54
Compress_20,53.68,41.83,50.78,11.85,2.91
Compress_20,52.86,42.62,43.03,10.24,9.83
Compress_20,54.02,44.59,49.9,9.43,4.12
Compress_20,52.1,38.35,52.85,13.74,0.75
Compress_20,52.45,41.41,51.73,11.04,0.72
Compress_20,52.62,42.66,50.32,9.96,2.3
Compress_20,53.2,40.02,45.84,13.19,7.37
Compress_20,52.26,45.65,53.3,6.61,1.03
Compress_20,53.28,39.3,52.03,13.98,1.24
Compress_20,53.43,40.97,52.17,12.46,1.27
Compress_20,52.92,34.15,53.67,18.77,0.74
Compress_20,54.33,41.92,50.75,12.41,3.58
Compress_20,53.24,43.91,54.13,9.32,0.89
Compress_20,52.17,39.46,52.33,12.71,0.16
Compress_20,52.15,41.5,48.77,10.66,3.39
Compress_20,50.18,42.53,40.67,7.65,9.51
Compress_20,52.83,42.85,44.76,9.98,8.07
Compress_20,53.26,40.63,51.59,12.63,1.68
Compress_20,54.46,41.14,46.88,13.32,7.58
Compress_20,56.35,44.04,48.52,12.31,7.84
Compress_20,52.28,39.63,54.28,12.65,2.0
Compress_20,52.7,39.61,53.61,13.09,0.91
Compress_20,54.24,42.87,51.7,11.37,2.54
Compress_20,54.27,41.04,22.53,13.23,31.74
Compress_20,52.3,40.42,51.2,11.88,1.11
Compress_20,54.34,38.41,50.51,15.93,3.82
Compress_20,52.86,43.0,51.43,9.86,1.43
Compress_20,55.34,41.66,47.87,13.68,7.47
Compress_20,54.22,51.09,51.27,3.13,2.94
Compress_20,54.2,48.76,53.29,5.44,0.9
Compress_20,52.48,41.32,52.74,11.16,0.26
Compress_20,51.13,37.32,53.3,13.81,2.17
Compress_20,51.38,41.1,52.75,10.28,1.37
Compress_20,51.17,35.67,52.47,15.49,1.31
Compress_20,49.98,36.38,52.38,13.59,2.4
Compress_20,52.07,46.38,52.77,5.69,0.7
Compress_20,51.12,42.53,52.13,8.59,1.01
Compress_20,53.8,39.96,52.94,13.85,0.87
Compress_20,54.59,38.39,49.24,16.21,5.35
Compress_20,51.42,41.72,50.68,9.7,0.74
Compress_20,52.09,44.1,53.51,7.99,1.42
Compress_20,50.39,33.79,53.16,16.6,2.77
Compress_20,52.67,41.3,53.25,11.38,0.57
Compress_20,53.22,42.88,53.45,10.34,0.23
Compress_20,54.17,39.79,52.09,14.38,2.08
Compress_20,53.1,37.59,52.75,15.51,0.36
Compress_20,53.33,39.65,51.61,13.68,1.72
Compress_20,54.06,35.5,49.83,18.56,4.24
Compress_20,56.09,47.41,49.84,8.68,6.25
Compress_20,51.01,37.42,43.82,13.59,7.19
Compress_20,54.0,38.67,50.24,15.34,3.76
Compress_20,54.45,44.08,52.53,10.37,1.92
Compress_20,53.88,39.64,51.84,14.24,2.05
Compress_20,53.21,47.7,50.78,5.52,2.44
Compress_20,52.68,42.19,50.24,10.49,2.43
Compress_20,52.61,41.97,50.82,10.64,1.79
Compress_20,52.2,43.34,47.61,8.86,4.59
Compress_20,54.07,40.51,48.86,13.57,5.21
Compress_20,51.81,36.88,50.77,14.93,1.04
Compress_20,53.61,37.4,53.63,16.22,0.02
Compress_20,51.69,40.59,49.07,11.09,2.62
Compress_20,54.37,42.97,45.63,11.4,8.74
Compress_20,54.4,47.34,51.49,7.06,2.91
Compress_20,51.73,39.63,52.13,12.1,0.4
Compress_20,50.68,38.47,51.32,12.21,0.63
Compress_20,52.71,46.3,50.3,6.41,2.41
Compress_20,53.55,41.43,48.29,12.13,5.26
Compress_20,52.77,37.24,52.92,15.54,0.14
Compress_20,52.94,41.66,48.85,11.29,4.09
Compress_20,52.59,45.1,51.55,7.48,1.03
Compress_20,52.88,38.45,50.6,14.43,2.28
Compress_20,50.75,39.77,54.67,10.98,3.92
Compress_20,52.0,33.92,49.94,18.08,2.06
Compress_20,51.57,37.89,50.53,13.68,1.03
Compress_20,53.34,39.74,45.48,13.6,7.86
Compress_20,52.69,41.38,50.59,11.31,2.11
Compress_40,43.89,44.68,51.87,0.78,7.98
Compress_40,43.38,41.21,54.81,2.18,11.43
Compress_40,41.3,32.37,48.22,8.92,6.92
Compress_40,43.42,42.12,49.0,1.3,5.58
Compress_40,43.05,38.05,53.91,5.0,10.86
Compress_40,44.06,34.18,50.4,9.88,6.34
Compress_40,43.99,43.11,51.47,0.88,7.48
Compress_40,44.97,39.78,52.93,5.19,7.95
Compress_40,44.0,47.73,50.54,3.72,6.53
Compress_40,47.13,49.46,48.88,2.33,1.75
Compress_40,41.39,40.11,49.08,1.28,7.7
Compress_40,44.54,40.85,49.63,3.69,5.1
Compress_40,44.12,40.74,47.97,3.38,3.85
Compress_40,43.65,38.47,50.12,5.18,6.47
Compress_40,43.37,50.31,48.31,6.94,4.94
Compress_40,41.71,40.44,52.75,1.27,11.04
Compress_40,43.31,45.13,51.17,1.82,7.86
Compress_40,44.13,43.6,49.89,0.52,5.77
Compress_40,44.66,43.75,50.5,0.91,5.84
Compress_40,42.99,39.11,49.34,3.88,6.35
Compress_40,43.05,38.35,53.29,4.7,10.24
Compress_40,42.16,41.4,51.95,0.76,9.79
Compress_40,43.02,46.97,51.71,3.95,8.69
Compress_40,44.94,36.96,53.18,7.98,8.23
Compress_40,44.0,43.84,50.86,0.16,6.85
Compress_40,44.05,42.31,53.52,1.73,9.47
Compress_40,44.77,46.15,51.96,1.38,7.2
Compress_40,43.93,46.05,49.64,2.11,5.71
Compress_40,43.18,36.61,46.22,6.57,3.03
Compress_40,41.53,39.47,54.09,2.06,12.56
Compress_40,43.66,37.56,49.63,6.1,5.97
Compress_40,43.36,41.52,54.42,1.84,11.05
Compress_40,45.01,41.51,50.13,3.5,5.12
Compress_40,43.69,42.56,53.34,1.14,9.65
Compress_40,43.03,42.31,50.03,0.71,7.01
Compress_40,42.17,41.2,49.84,0.98,7.66
Compress_40,43.73,45.8,52.88,2.08,9.15
Compress_40,41.94,43.41,55.14,1.46,13.2
Compress_40,44.77,44.13,51.22,0.64,6.45
Compress_40,41.43,44.95,54.95,3.52,13.52
Compress_40,43.4,45.16,53.43,1.76,10.03
Compress_40,41.0,40.45,49.03,0.56,8.02
Compress_40,42.07,47.16,48.68,5.08,6.6
Compress_40,44.31,38.75,52.58,5.55,8.27
Compress_40,43.55,44.74,47.71,1.18,4.16
Compress_40,40.92,40.13,50.82,0.8,9.9
Compress_40,44.29,37.63,52.45,6.66,8.16
Compress_40,44.57,43.3,53.59,1.26,9.02
Compress_40,41.48,42.31,51.63,0.83,10.16
Compress_40,43.15,44.54,48.9,1.39,5.75
Compress_40,42.32,40.36,50.27,1.96,7.95
Compress_40,43.05,42.54,51.78,0.51,8.72
Compress_40,42.95,40.94,54.92,2.01,11.97
Compress_40,41.14,44.09,50.82,2.95,9.68
Compress_40,43.82,41.88,53.69,1.94,9.87
Compress_40,45.17,46.89,47.82,1.73,2.65
Compress_40,43.94,38.79,49.39,5.14,5.45
Compress_40,42.18,31.19,54.98,11.0,12.79
Compress_40,45.63,42.69,50.04,2.94,4.41
Compress_40,42.99,39.52,46.74,3.47,3.75
Compress_40,42.69,47.2,48.48,4.5,5.79
Compress_40,43.47,42.11,48.9,1.36,5.43
Compress_40,43.7,38.84,46.54,4.86,2.84
Compress_40,43.91,40.71,50.16,3.2,6.25
Compress_40,45.44,47.6,44.34,2.16,1.11
Compress_40,45.58,42.76,50.04,2.81,4.46
Compress_40,43.66,41.48,52.23,2.18,8.58
Compress_40,41.58,42.39,51.45,0.8,9.86
Compress_40,42.81,45.98,50.94,3.17,8.13
Compress_40,43.15,45.81,52.33,2.66,9.18
Compress_40,42.37,41.46,50.29,0.91,7.92
Compress_40,41.66,44.44,48.92,2.78,7.26
Compress_40,41.62,36.93,53.59,4.69,11.97
Compress_40,43.8,40.09,51.36,3.71,7.57
Compress_40,44.68,44.19,52.21,0.48,7.54
Compress_40,42.83,42.84,52.89,0.01,10.05
Compress_40,41.32,42.29,47.69,0.96,6.37
Compress_40,43.61,38.82,52.67,4.78,9.06
Compress_40,42.93,36.9,50.5,6.03,7.58
Compress_40,43.58,41.36,49.39,2.21,5.82
Compress_40,42.64,36.11,52.89,6.54,10.25
Compress_40,44.14,38.15,42.62,5.99,1.52
Compress_40,46.04,46.69,16.01,0.65,30.03
Compress_40,44.51,38.25,48.74,6.26,4.23
Compress_40,42.83,45.8,32.23,2.97,10.6
Compress_40,41.9,41.72,51.25,0.18,9.34
Compress_40,44.12,39.49,53.45,4.63,9.33
Compress_40,41.68,41.65,47.3,0.03,5.62
Compress_40,43.49,41.6,54.35,1.89,10.86
Compress_40,41.69,42.74,52.76,1.06,11.07
Compress_40,43.49,37.98,50.78,5.51,7.3
Compress_40,43.46,43.73,54.39,0.27,10.93
Compress_40,43.51,41.99,51.53,1.52,8.03
Compress_40,40.29,34.98,46.63,5.31,6.35
Compress_40,42.56,39.84,51.89,2.73,9.33
Compress_40,42.11,39.73,53.04,2.39,10.93
Compress_40,45.86,42.76,51.91,3.1,6.04
Compress_40,41.23,48.34,41.11,7.1,0.12
Compress_40,45.63,48.95,33.29,3.32,12.33
Compress_40,44.13,40.74,38.8,3.39,5.33
Compress_40,41.27,40.53,45.31,0.75,4.04
Compress_40,44.64,46.19,53.18,1.55,8.54
Compress_40,45.65,44.72,46.67,0.93,1.02
Compress_40,45.28,44.97,51.86,0.3,6.59
Compress_40,42.63,47.88,50.11,5.25,7.49
Compress_40,41.61,36.9,54.69,4.71,13.09
Compress_40,41.51,39.65,52.91,1.86,11.39
Compress_40,43.04,43.33,47.36,0.28,4.32
Compress_40,48.06,44.78,53.72,3.28,5.66
Compress_40,41.3,42.73,52.56,1.42,11.25
Compress_40,44.18,38.01,53.22,6.17,9.04
Compress_40,43.19,42.16,52.96,1.04,9.77
Compress_40,43.37,40.11,51.47,3.25,8.1
Compress_40,43.06,43.32,52.11,0.26,9.05
Compress_40,45.12,27.44,51.39,17.67,6.28
Compress_40,43.57,38.66,53.25,4.91,9.68
Compress_40,45.18,41.77,53.1,3.41,7.92
Compress_40,44.95,40.76,47.26,4.2,2.3
Compress_40,42.75,36.5,46.57,6.25,3.82
Compress_40,41.68,41.03,48.55,0.65,6.87
Compress_40,42.52,38.85,53.77,3.67,11.25
Compress_40,44.2,39.96,49.02,4.24,4.82
Compress_40,43.43,41.26,50.97,2.16,7.54
Compress_40,45.8,47.06,48.66,1.25,2.86
Compress_40,42.62,38.61,51.1,4.02,8.47
Compress_40,44.09,47.02,51.52,2.93,7.42
Compress_40,43.45,43.95,48.61,0.51,5.16
Compress_40,42.44,36.9,54.54,5.53,12.11
Compress_40,44.45,41.3,54.22,3.15,9.77
Compress_40,42.25,47.82,53.1,5.58,10.86
Compress_40,46.43,44.69,48.33,1.75,1.9
Compress_40,42.8,39.35,54.03,3.45,11.23
Compress_40,42.36,47.04,38.52,4.68,3.84
Compress_40,43.27,37.72,52.55,5.55,9.28
Compress_40,42.31,39.6,51.72,2.71,9.41
Compress_40,44.42,42.81,51.38,1.61,6.96
Compress_40,45.66,41.85,42.8,3.81,2.86
Compress_40,40.72,39.91,49.06,0.81,8.34
Compress_40,43.73,42.68,53.12,1.06,9.39
Compress_40,43.18,42.59,51.34,0.59,8.16
Compress_40,43.49,46.76,51.16,3.27,7.66
Compress_40,43.43,42.52,51.77,0.91,8.34
Compress_40,43.7,48.19,49.84,4.49,6.14
Compress_40,41.62,41.09,53.25,0.53,11.63
Compress_40,42.14,40.15,46.58,2.0,4.43
Compress_40,42.46,38.25,54.41,4.21,11.95
Compress_40,41.28,39.17,41.16,2.12,0.12
Compress_40,41.04,40.57,51.35,0.47,10.31
Compress_40,44.11,44.53,52.0,0.42,7.9
Compress_40,43.7,38.56,51.5,5.14,7.8
Compress_40,43.24,43.36,49.9,0.12,6.66
Compress_40,41.77,43.86,51.46,2.1,9.69
Compress_40,43.98,32.38,51.19,11.6,7.2
Compress_40,45.43,38.98,52.14,6.45,6.71
Compress_40,44.25,47.09,53.07,2.83,8.82
Compress_40,43.47,44.22,52.67,0.75,9.2
Compress_40,43.13,41.5,49.98,1.63,6.85
Compress_40,42.93,40.71,49.29,2.21,6.37
Compress_40,41.29,45.52,51.85,4.23,10.57
Compress_40,43.67,42.63,51.32,1.04,7.65
Compress_40,43.78,43.15,51.95,0.64,8.17
Compress_40,44.94,43.91,49.73,1.02,4.79
Compress_40,44.95,42.31,49.24,2.64,4.29
Compress_40,43.15,41.85,50.47,1.3,7.31
Compress_40,42.52,43.35,23.21,0.82,19.32
Compress_40,41.44,39.23,43.15,2.2,1.71
Compress_40,44.77,42.66,49.7,2.11,4.93
Compress_40,44.66,45.8,45.48,1.14,0.83
Compress_40,42.04,43.34,48.17,1.3,6.13
Compress_40,44.34,41.22,50.39,3.12,6.05
Compress_40,42.1,39.65,51.87,2.45,9.76
Compress_40,43.3,42.96,48.71,0.34,5.41
Compress_40,41.53,45.34,40.3,3.81,1.23
Compress_40,43.46,40.94,53.65,2.52,10.19
Compress_40,40.94,34.96,50.6,5.98,9.66
Compress_40,43.9,50.69,50.91,6.78,7.01
Compress_40,43.69,45.89,54.63,2.2,10.94
Compress_40,42.54,41.18,54.31,1.37,11.77
Compress_40,43.17,38.33,51.21,4.84,8.05
Compress_40,45.4,43.07,54.95,2.32,9.55
Compress_40,41.41,42.23,53.03,0.82,11.61
Compress_40,42.73,39.47,50.69,3.26,7.96
Compress_40,43.19,38.92,52.86,4.27,9.68
Compress_40,43.63,42.41,53.78,1.22,10.15
Compress_40,47.62,44.69,53.21,2.93,5.59
Compress_40,46.18,45.12,54.39,1.06,8.21
Compress_40,42.32,38.79,51.39,3.53,9.07
Compress_40,44.28,42.74,49.35,1.55,5.06
Compress_40,42.53,45.41,52.87,2.88,10.34
Compress_40,44.75,50.83,50.54,6.08,5.79
Compress_40,44.22,39.59,54.03,4.63,9.81
Compress_40,42.47,38.8,52.36,3.67,9.89
Compress_40,41.31,40.1,53.15,1.21,11.84
Compress_40,42.5,37.79,54.85,4.71,12.34
Compress_40,42.68,44.43,50.93,1.75,8.25
Compress_40,43.28,37.37,53.54,5.92,10.26
Compress_40,43.76,38.81,49.97,4.95,6.21
Compress_40,44.33,42.91,47.15,1.42,2.82
Compress_40,44.16,41.37,52.36,2.8,8.2
Compress_40,43.34,37.59,53.75,5.75,10.41
Compress_40,42.97,37.99,52.85,4.98,9.87
Compress_40,42.58,39.62,46.86,2.96,4.29
Compress_40,44.36,43.95,53.3,0.41,8.94
Compress_40,45.16,43.91,52.04,1.25,6.88
Compress_40,42.02,33.88,50.91,8.14,8.89
Compress_40,42.25,35.08,51.32,7.17,9.07
Compress_40,43.65,39.38,43.77,4.27,0.12
Compress_40,45.78,45.38,46.44,0.4,0.66
Compress_40,43.73,46.32,44.24,2.59,0.51
Compress_40,44.48,44.55,50.82,0.06,6.34
Compress_40,43.3,39.38,45.93,3.91,2.64
Compress_40,40.8,43.72,38.72,2.92,2.08
Compress_40,44.17,43.32,52.21,0.85,8.03
Compress_40,42.36,41.26,54.33,1.1,11.97
Compress_40,48.05,43.41,51.73,4.64,3.68
Compress_40,44.83,40.09,48.83,4.74,4.0
Compress_40,43.74,40.55,51.07,3.2,7.33
Compress_40,45.01,42.64,47.41,2.36,2.41
Compress_40,43.08,43.38,52.53,0.3,9.45
Compress_40,43.63,43.73,49.69,0.1,6.06
Compress_40,42.27,42.58,53.25,0.31,10.98
Compress_40,43.8,38.51,51.93,5.29,8.13
Compress_40,40.8,46.54,45.94,5.74,5.14
Compress_40,43.81,45.21,52.07,1.4,8.26
Compress_40,43.84,41.62,47.97,2.22,4.13
Compress_40,42.42,38.54,50.73,3.88,8.31
Compress_40,42.79,42.37,49.87,0.41,7.08
Compress_40,42.33,39.54,52.23,2.79,9.9
Compress_40,44.03,44.81,45.46,0.79,1.43
Compress_40,43.64,44.07,45.95,0.43,2.31
Compress_40,39.74,42.02,49.64,2.28,9.9
Compress_40,44.86,44.72,47.54,0.14,2.67
Compress_40,44.18,43.27,34.51,0.91,9.67
Compress_40,43.34,42.05,47.97,1.3,4.63
Compress_40,42.8,41.68,51.52,1.12,8.72
Compress_40,43.43,43.2,49.25,0.23,5.82
Compress_40,43.93,41.82,49.03,2.11,5.09
Compress_40,44.79,44.55,52.47,0.24,7.68
Compress_40,43.09,42.19,51.21,0.9,8.12
Compress_40,48.17,48.77,43.33,0.6,4.84
Compress_40,42.27,42.29,33.7,0.02,8.57
Compress_40,43.59,42.52,45.35,1.07,1.76
Compress_40,42.0,39.34,54.37,2.66,12.38
Compress_40,41.44,40.05,35.68,1.39,5.76
Compress_40,43.85,42.78,49.81,1.07,5.96
Compress_40,41.77,41.9,48.6,0.12,6.83
Compress_40,42.9,40.87,50.61,2.02,7.72
Compress_40,43.31,35.42,53.98,7.89,10.67
Compress_40,45.51,42.88,47.53,2.63,2.01
Compress_40,41.92,39.2,51.53,2.73,9.61
Compress_40,43.08,45.24,52.49,2.16,9.41
Compress_40,44.8,48.53,50.08,3.73,5.28
Compress_40,42.1,42.93,54.32,0.82,12.21
Compress_40,42.02,38.39,53.8,3.63,11.78
Compress_40,45.03,47.03,48.37,2.0,3.35
Compress_40,43.61,41.0,52.69,2.61,9.08
Compress_40,42.3,42.64,55.1,0.33,12.79
Compress_40,41.05,41.56,37.95,0.51,3.1
Compress_40,44.42,43.71,47.95,0.71,3.53
Compress_40,43.9,45.27,54.09,1.37,10.19
Compress_40,42.98,36.05,53.86,6.93,10.88
Compress_40,42.99,40.62,52.68,2.37,9.69
Compress_40,43.12,43.44,51.84,0.32,8.72
Compress_40,42.87,42.32,52.65,0.55,9.78
Compress_40,41.7,38.2,50.73,3.5,9.03
Compress_40,47.04,41.24,50.63,5.81,3.59
Compress_40,42.49,41.53,48.84,0.95,6.36
Compress_40,43.51,43.0,43.81,0.5,0.3
Compress_40,44.41,47.66,50.98,3.25,6.57
Compress_40,43.47,50.59,52.88,7.12,9.41
Compress_40,42.6,41.17,50.5,1.43,7.89
Compress_40,44.45,40.32,52.72,4.12,8.27
Compress_40,44.29,42.92,47.52,1.37,3.23
Compress_40,44.34,39.7,50.13,4.64,5.79
Compress_40,42.52,47.55,45.98,5.03,3.47
Compress_40,42.93,41.08,54.0,1.85,11.07
Compress_40,44.62,38.73,51.19,5.89,6.57
Compress_40,43.43,43.91,48.99,0.48,5.57
Compress_40,42.13,42.1,53.35,0.03,11.22
Compress_40,43.98,42.57,51.52,1.4,7.55
Compress_40,45.96,40.57,54.24,5.39,8.28
Compress_40,42.17,40.99,49.69,1.18,7.52
Compress_40,44.5,43.97,49.27,0.54,4.77
Compress_40,42.81,44.51,52.0,1.7,9.2
Compress_40,44.34,39.32,52.01,5.03,7.67
Compress_40,43.68,37.53,52.55,6.16,8.86
Compress_40,43.51,40.83,46.85,2.68,3.34
Compress_40,42.46,38.72,53.06,3.73,10.6
Compress_40,41.01,39.16,49.83,1.85,8.82
Compress_40,41.66,39.58,52.36,2.07,10.7
Compress_40,41.09,44.09,45.15,2.99,4.06
Compress_40,46.2,42.28,46.9,3.93,0.69
Compress_40,41.03,38.92,51.8,2.12,10.77
Compress_40,41.54,41.8,45.37,0.27,3.84
Compress_40,41.58,42.23,53.22,0.65,11.64
Compress_40,43.34,41.68,51.14,1.67,7.8
Compress_40,43.63,40.69,50.77,2.95,7.14
Compress_40,42.96,40.06,52.59,2.9,9.62
Compress_40,41.77,42.74,51.68,0.97,9.91
Compress_40,39.9,39.2,37.5,0.7,2.4
Compress_40,43.1,39.71,49.88,3.39,6.79
Compress_40,43.59,44.23,52.3,0.64,8.71
Compress_40,45.19,41.98,53.24,3.22,8.05
Compress_40,42.44,40.08,50.28,2.35,7.85
Compress_40,42.12,40.92,47.88,1.2,5.76
Compress_40,41.53,38.64,49.36,2.89,7.82
Compress_40,43.08,39.04,53.85,4.04,10.78
Compress_40,42.86,41.98,50.8,0.88,7.94
Compress_40,43.34,43.45,52.69,0.11,9.35
Compress_40,43.22,42.98,48.61,0.24,5.39
Compress_40,43.18,43.33,54.29,0.15,11.11
Compress_40,46.12,41.66,52.21,4.46,6.09
Compress_40,45.94,43.76,53.3,2.18,7.36
Compress_40,40.88,40.94,49.92,0.06,9.04
Compress_40,42.46,39.86,53.11,2.6,10.65
Compress_40,42.31,39.77,53.65,2.54,11.34
Compress_40,43.29,36.25,52.56,7.05,9.27
Compress_40,40.98,40.34,55.0,0.64,14.02
Compress_40,42.77,42.98,49.28,0.21,6.51
Compress_40,44.64,45.71,49.69,1.06,5.04
Compress_40,44.61,41.37,49.97,3.24,5.36
Compress_40,43.2,39.14,52.05,4.06,8.85
Compress_40,42.26,42.27,54.42,0.01,12.16
Compress_40,42.49,32.19,52.07,10.29,9.58
Compress_40,42.43,40.94,49.15,1.48,6.72
Compress_40,41.88,35.54,49.56,6.34,7.69
Compress_40,43.02,45.91,52.88,2.9,9.87
Compress_40,43.97,42.07,50.69,1.9,6.72
Compress_40,44.36,37.36,55.11,7.01,10.75
Compress_40,44.31,43.99,31.53,0.32,12.78
Compress_40,44.62,41.47,53.12,3.16,8.49
Compress_40,43.01,39.37,52.76,3.63,9.76
Compress_40,42.83,30.32,52.4,12.51,9.58
Compress_40,41.92,43.34,51.01,1.41,9.08
Compress_40,42.81,38.51,41.93,4.31,0.88
Compress_40,42.35,42.79,34.96,0.44,7.39
Compress_40,45.81,41.77,51.91,4.04,6.1
Compress_40,44.59,37.63,51.64,6.96,7.05
Compress_40,44.75,41.45,54.29,3.3,9.54
Compress_40,43.65,40.56,54.46,3.09,10.81
Compress_40,43.19,42.26,52.2,0.93,9.01
Compress_40,43.51,40.16,51.52,3.35,8.02
Compress_40,50.39,50.96,50.1,0.57,0.29
Compress_40,44.42,47.25,48.17,2.83,3.75
Compress_40,43.57,42.14,52.98,1.43,9.41
Compress_40,41.87,38.98,55.27,2.9,13.4
Compress_40,43.88,43.59,48.86,0.3,4.98
Compress_40,44.74,42.98,52.12,1.76,7.38
Compress_40,43.2,42.96,53.44,0.25,10.23
Compress_40,44.03,36.59,50.37,7.44,6.33
Compress_40,43.44,37.49,50.18,5.95,6.73
Compress_40,42.47,42.08,52.43,0.39,9.96
Compress_40,45.71,44.73,52.98,0.98,7.27
Compress_40,42.61,39.41,50.03,3.2,7.42
Compress_40,44.91,34.26,46.79,10.65,1.88
Compress_40,47.0,42.47,52.19,4.52,5.19
Compress_40,43.19,32.57,49.87,10.62,6.68
Compress_40,41.43,41.99,44.88,0.56,3.44
Compress_40,41.2,39.24,53.39,1.96,12.19
Compress_40,44.73,46.33,43.55,1.61,1.17
Compress_40,43.49,41.52,52.34,1.97,8.85
Compress_40,42.43,40.34,51.07,2.08,8.65
Compress_40,41.58,37.28,51.35,4.3,9.77
Compress_40,41.81,37.13,51.35,4.68,9.54
Compress_40,44.22,44.67,47.88,0.45,3.67
Compress_40,42.84,38.56,14.66,4.28,28.18
Compress_40,44.88,39.75,50.55,5.14,5.67
Compress_40,42.43,42.32,49.21,0.11,6.78
Compress_40,43.6,43.05,52.37,0.55,8.77
Compress_40,43.02,44.0,53.36,0.98,10.34
Compress_40,44.05,42.45,51.51,1.61,7.46
Compress_40,42.78,42.19,52.73,0.59,9.95
Compress_40,43.5,44.72,50.88,1.22,7.38
Compress_40,43.49,41.73,50.97,1.77,7.48
Compress_40,44.28,45.4,49.86,1.12,5.57
Compress_40,43.88,40.81,52.29,3.07,8.41
Compress_40,43.54,41.47,52.56,2.07,9.02
Compress_40,46.02,40.78,50.03,5.24,4.01
Compress_40,42.5,43.03,53.63,0.53,11.13
Compress_40,43.6,42.57,52.0,1.02,8.4
Compress_40,42.61,43.83,49.53,1.22,6.92
Compress_40,42.23,39.04,52.18,3.19,9.94
Compress_40,41.98,43.72,48.08,1.74,6.1
Compress_40,43.94,46.76,51.91,2.83,7.98
Compress_40,43.74,44.28,51.7,0.54,7.96
Compress_40,44.22,43.11,51.36,1.12,7.14
Compress_40,44.37,44.05,53.75,0.32,9.38
Compress_40,41.98,38.58,53.24,3.39,11.26
Compress_40,42.84,37.8,54.09,5.04,11.25
Compress_40,44.47,37.08,49.27,7.39,4.79
Compress_40,43.23,38.71,54.53,4.52,11.31
Compress_40,44.15,38.67,50.81,5.48,6.65
Compress_40,44.69,39.82,49.41,4.86,4.72
Compress_40,44.27,40.55,48.4,3.71,4.14
Compress_40,41.25,40.74,53.3,0.51,12.06
Compress_40,42.79,41.61,52.06,1.18,9.27
Compress_40,42.96,38.76,51.82,4.2,8.85
Compress_40,44.15,39.87,54.31,4.28,10.16
Compress_40,41.7,43.71,53.33,2.01,11.63
Compress_40,41.54,44.31,53.42,2.76,11.87
Compress_40,43.22,43.12,52.41,0.1,9.19
Compress_40,42.31,43.56,51.18,1.26,8.87
Compress_40,42.69,48.62,51.59,5.92,8.9
Compress_40,44.48,43.66,50.81,0.82,6.33
Compress_40,43.18,39.78,50.67,3.4,7.49
Compress_40,43.8,43.13,50.03,0.67,6.23
Compress_40,44.79,36.4,52.53,8.39,7.74
Compress_40,43.92,36.46,50.68,7.46,6.76
Compress_40,42.77,44.82,51.2,2.05,8.43
Compress_40,45.61,39.19,51.04,6.42,5.43
Compress_40,43.53,40.45,50.62,3.09,7.09
Compress_40,42.72,37.67,27.7,5.06,15.02
Compress_40,43.09,45.41,54.12,2.32,11.04
Compress_40,45.74,41.62,37.93,4.12,7.81
Compress_40,42.37,41.93,50.17,0.44,7.79
Compress_40,42.97,41.78,54.08,1.19,11.11
Compress_40,43.52,38.69,51.65,4.83,8.13
Compress_40,43.36,39.6,50.41,3.76,7.05
Compress_40,44.26,41.99,51.26,2.27,7.0
Compress_40,45.69,37.48,52.03,8.21,6.34
Compress_40,42.0,39.42,51.98,2.58,9.98
Compress_40,42.89,42.26,50.02,0.63,7.12
Compress_40,41.69,42.46,52.98,0.77,11.29
Compress_40,42.84,42.49,52.63,0.35,9.8
Compress_40,43.93,46.91,52.38,2.99,8.45
Compress_40,42.92,45.27,53.44,2.35,10.51
Compress_40,43.53,38.97,53.59,4.56,10.06
Compress_40,40.4,43.47,36.03,3.07,4.37
Compress_40,46.58,47.72,50.39,1.14,3.81
Compress_40,42.96,39.38,54.04,3.58,11.08
Compress_40,45.43,44.48,50.68,0.95,5.25
Compress_40,43.31,43.9,54.39,0.59,11.09
Compress_40,42.72,38.94,52.9,3.78,10.18
Compress_40,42.4,37.73,54.28,4.67,11.88
Compress_40,43.63,39.5,52.6,4.14,8.97
Compress_40,42.22,39.31,53.76,2.91,11.54
Compress_40,43.15,36.72,23.97,6.43,19.18
Compress_40,43.39,41.24,50.46,2.15,7.06
Compress_40,40.88,45.2,55.65,4.32,14.77
Compress_40,45.95,40.19,52.24,5.76,6.29
Compress_40,42.57,31.2,50.05,11.37,7.48
Compress_40,42.03,40.01,49.15,2.03,7.11
Compress_40,44.7,40.77,52.66,3.93,7.96
Compress_40,42.19,39.3,53.26,2.9,11.07
Compress_40,45.12,41.92,51.75,3.2,6.63
Compress_40,42.46,38.31,54.02,4.15,11.56
Compress_40,42.71,34.65,27.66,8.05,15.04
Compress_40,44.45,41.3,49.81,3.15,5.37
Compress_40,43.19,39.8,55.0,3.38,11.81
Compress_40,43.05,41.07,52.62,1.98,9.57
Compress_60,36.76,37.05,54.33,0.29,17.57
Compress_60,38.73,37.71,51.31,1.02,12.58
Compress_60,35.86,38.18,49.99,2.33,14.13
Compress_60,36.23,41.58,52.32,5.34,16.09
Compress_60,36.71,38.16,56.45,1.45,19.74
Compress_60,37.36,41.54,47.92,4.18,10.57
Compress_60,35.19,40.43,54.06,5.24,18.87
Compress_60,38.72,41.69,52.87,2.97,14.15
Compress_60,37.32,41.48,52.52,4.16,15.2
Compress_60,37.29,37.85,51.18,0.56,13.89
Compress_60,38.43,44.86,53.29,6.43,14.87
Compress_60,34.13,37.39,46.5,3.26,12.37
Compress_60,34.63,39.29,50.86,4.66,16.23
Compress_60,36.13,45.68,48.86,9.55,12.73
Compress_60,35.71,38.13,50.95,2.42,15.24
Compress_60,36.28,42.93,53.04,6.64,16.75
Compress_60,38.13,43.3,50.46,5.17,12.33
Compress_60,36.66,40.94,49.68,4.28,13.02
Compress_60,38.79,39.77,54.15,0.99,15.36
Compress_60,34.54,36.05,52.62,1.52,18.08
Compress_60,37.62,36.42,51.18,1.2,13.56
Compress_60,37.74,40.9,51.72,3.16,13.97
Compress_60,36.64,42.29,49.72,5.65,13.08
Compress_60,35.11,44.55,54.18,9.44,19.07
Compress_60,38.33,38.53,53.74,0.2,15.4
Compress_60,37.02,40.96,51.75,3.94,14.72
Compress_60,36.49,43.72,53.03,7.23,16.54
Compress_60,35.01,36.2,53.21,1.19,18.2
Compress_60,36.51,38.21,51.14,1.7,14.63
Compress_60,36.97,40.6,52.84,3.63,15.87
Compress_60,35.0,35.98,54.76,0.98,19.76
Compress_60,37.29,35.63,52.27,1.66,14.99
Compress_60,35.41,37.75,52.61,2.34,17.2
Compress_60,37.24,40.8,54.43,3.57,17.2
Compress_60,37.95,38.29,52.34,0.34,14.38
Compress_60,35.99,36.83,54.6,0.84,18.6
Compress_60,37.28,40.85,50.52,3.57,13.24
Compress_60,35.08,40.21,29.03,5.12,6.06
Compress_60,37.45,42.03,51.8,4.59,14.36
Compress_60,35.42,37.0,53.53,1.58,18.11
Compress_60,37.76,35.37,49.6,2.39,11.83
Compress_60,39.25,43.84,48.6,4.59,9.36
Compress_60,38.56,39.4,51.96,0.83,13.39
Compress_60,36.01,37.4,55.37,1.39,19.36
Compress_60,35.3,38.98,53.71,3.68,18.4
Compress_60,37.42,40.83,52.73,3.42,15.31
Compress_60,35.89,41.39,43.58,5.5,7.69
Compress_60,37.73,37.5,53.07,0.23,15.34
Compress_60,36.1,44.52,52.36,8.43,16.27
Compress_60,35.08,43.3,54.02,8.22,18.94
Compress_60,35.23,42.72,50.35,7.49,15.12
Compress_60,36.58,38.26,51.81,1.68,15.23
Compress_60,36.39,34.78,53.5,1.61,17.11
Compress_60,37.28,41.0,53.65,3.73,16.37
Compress_60,38.79,42.81,49.85,4.02,11.06
Compress_60,36.39,40.18,52.14,3.79,15.75
Compress_60,35.97,35.19,54.06,0.79,18.09
Compress_60,36.17,44.48,50.78,8.32,14.61
Compress_60,36.0,39.85,52.64,3.84,16.64
Compress_60,34.91,40.21,55.02,5.3,20.11
Compress_60,36.96,39.78,52.02,2.82,15.06
Compress_60,34.69,40.63,50.83,5.94,16.14
Compress_60,39.91,43.29,51.63,3.38,11.72
Compress_60,35.87,39.4,54.05,3.53,18.18
Compress_60,37.1,39.21,54.22,2.11,17.12
Compress_60,37.14,38.73,52.51,1.59,15.37
Compress_60,38.17,42.14,51.02,3.97,12.85
Compress_60,39.36,42.71,47.03,3.34,7.67
Compress_60,37.23,41.15,52.69,3.92,15.47
Compress_60,36.5,38.46,51.04,1.95,14.54
Compress_60,36.46,41.47,55.23,5.0,18.77
Compress_60,34.67,37.45,54.06,2.77,19.39
Compress_60,36.3,37.69,52.07,1.39,15.77
Compress_60,38.04,45.52,51.28,7.47,13.23
Compress_60,39.01,44.96,53.44,5.95,14.43
Compress_60,36.75,38.44,50.84,1.69,14.08
Compress_60,37.9,36.93,53.32,0.97,15.42
Compress_60,36.39,39.11,50.42,2.72,14.03
Compress_60,35.42,43.98,48.11,8.56,12.69
Compress_60,35.87,35.43,51.88,0.44,16.02
Compress_60,34.54,36.15,50.75,1.61,16.22
Compress_60,37.11,38.54,53.52,1.42,16.41
Compress_60,36.99,39.67,50.62,2.68,13.63
Compress_60,35.65,34.27,48.23,1.38,12.58
Compress_60,38.22,40.68,48.13,2.46,9.91
Compress_60,37.54,39.48,51.8,1.94,14.26
Compress_60,36.34,41.03,54.63,4.69,18.29
Compress_60,36.46,38.66,49.79,2.2,13.33
Compress_60,36.55,39.58,53.53,3.03,16.97
Compress_60,38.66,37.16,54.43,1.51,15.77
Compress_60,37.52,41.88,48.45,4.36,10.94
Compress_60,36.34,35.57,53.97,0.77,17.63
Compress_60,36.96,47.67,51.51,10.71,14.55
Compress_60,35.7,38.86,51.81,3.16,16.11
Compress_60,35.73,40.45,45.45,4.72,9.72
Compress_60,38.8,41.75,52.26,2.95,13.47
Compress_60,37.75,41.29,50.18,3.54,12.43
Compress_60,35.99,39.61,54.27,3.61,18.28
Compress_60,33.35,40.06,49.21,6.71,15.86
Compress_60,41.76,40.94,38.2,0.82,3.56
Compress_60,38.52,42.73,49.96,4.21,11.43
Compress_60,38.61,44.81,52.46,6.19,13.84
Compress_60,37.29,41.62,47.93,4.33,10.64
Compress_60,37.05,39.22,54.32,2.17,17.27
Compress_60,36.06,40.56,53.65,4.5,17.6
Compress_60,37.56,37.48,52.15,0.08,14.59
Compress_60,39.7,38.4,50.81,1.3,11.11
Compress_60,35.08,40.08,50.4,5.0,15.32
Compress_60,36.96,37.1,53.16,0.14,16.2
Compress_60,36.5,42.91,50.56,6.4,14.06
Compress_60,35.57,37.49,51.15,1.92,15.59
Compress_60,39.59,39.6,49.13,0.0,9.53
Compress_60,37.01,42.69,47.44,5.68,10.43
Compress_60,39.03,42.61,52.24,3.59,13.22
Compress_60,36.42,40.05,52.81,3.63,16.39
Compress_60,38.31,41.8,52.05,3.49,13.74
Compress_60,35.71,36.94,54.35,1.23,18.64
Compress_60,36.14,44.73,52.01,8.59,15.87
Compress_60,36.86,36.77,54.36,0.09,17.5
Compress_60,35.56,36.65,54.02,1.09,18.45
Compress_60,37.39,39.12,49.56,1.73,12.17
Compress_60,36.45,42.43,54.22,5.99,17.77
Compress_60,36.23,41.72,51.04,5.5,14.81
Compress_60,36.14,37.87,54.55,1.73,18.4
Compress_60,36.05,42.76,51.18,6.71,15.13
Compress_60,37.86,40.83,53.58,2.97,15.72
Compress_60,36.48,40.09,51.88,3.62,15.4
Compress_60,35.66,39.93,46.48,4.27,10.82
Compress_60,35.69,36.48,53.54,0.79,17.85
Compress_60,37.89,38.79,48.63,0.9,10.75
Compress_60,36.48,40.61,50.23,4.12,13.75
Compress_60,38.01,35.78,51.57,2.23,13.56
Compress_60,36.88,38.17,53.19,1.28,16.3
Compress_60,40.12,39.9,38.91,0.22,1.21
Compress_60,35.38,37.89,54.28,2.51,18.9
Compress_60,37.28,37.41,55.51,0.12,18.23
Compress_60,37.47,39.22,51.57,1.74,14.1
Compress_60,36.86,40.82,53.18,3.96,16.32
Compress_60,37.42,43.41,54.74,5.99,17.32
Compress_60,34.96,41.59,52.61,6.62,17.65
Compress_60,38.24,39.46,53.16,1.22,14.93
Compress_60,34.59,42.01,53.97,7.42,19.38
Compress_60,35.05,36.96,53.58,1.91,18.53
Compress_60,36.13,37.43,55.55,1.3,19.42
Compress_60,38.38,45.51,52.6,7.13,14.22
Compress_60,35.98,37.08,52.1,1.1,16.12
Compress_60,38.06,40.4,50.29,2.34,12.23
Compress_60,36.16,40.87,51.99,4.71,15.83
Compress_60,35.18,42.11,50.48,6.93,15.3
Compress_60,35.63,36.64,53.15,1.02,17.53
Compress_60,34.94,38.28,48.0,3.34,13.06
Compress_60,36.91,39.18,53.28,2.27,16.37
Compress_60,36.24,40.49,39.9,4.25,3.66
Compress_60,37.34,37.31,53.18,0.03,15.84
Compress_60,36.94,38.08,54.02,1.14,17.08
Compress_60,36.12,40.95,52.38,4.84,16.26
Compress_60,37.81,39.36,54.59,1.55,16.78
Compress_60,35.38,37.13,44.15,1.75,8.77
Compress_60,36.08,40.38,54.83,4.3,18.75
Compress_60,40.15,42.76,52.46,2.61,12.31
Compress_60,37.57,37.84,52.68,0.28,15.12
Compress_60,38.78,40.25,51.82,1.47,13.04
Compress_60,36.59,40.2,53.19,3.61,16.6
Compress_60,37.82,38.52,50.51,0.7,12.68
Compress_60,39.27,40.2,53.15,0.93,13.88
Compress_60,33.47,36.53,53.52,3.06,20.05
Compress_60,38.08,38.39,52.77,0.31,14.69
Compress_60,37.18,40.11,51.82,2.92,14.64
Compress_60,36.9,37.65,51.79,0.76,14.89
Compress_60,36.54,39.22,52.27,2.69,15.74
Compress_60,34.9,43.39,55.1,8.49,20.2
Compress_60,36.49,41.28,47.24,4.79,10.75
Compress_60,37.36,36.76,52.16,0.6,14.79
Compress_60,36.02,40.99,53.88,4.97,17.86
Compress_60,38.83,40.18,51.24,1.35,12.41
Compress_60,37.56,37.37,46.08,0.19,8.52
Compress_60,38.99,41.09,50.49,2.11,11.5
Compress_60,37.06,42.25,51.55,5.19,14.49
Compress_60,38.83,37.96,52.04,0.87,13.21
Compress_60,38.21,37.45,52.4,0.76,14.18
Compress_60,37.13,36.94,51.78,0.2,14.64
Compress_60,36.91,36.31,51.57,0.61,14.66
Compress_60,37.81,45.26,50.5,7.45,12.69
Compress_60,34.6,43.09,47.22,8.5,12.63
Compress_60,38.44,42.83,51.48,4.39,13.03
Compress_60,37.14,37.37,46.95,0.23,9.81
Compress_60,37.34,42.28,51.65,4.94,14.31
Compress_60,37.43,41.37,49.59,3.94,12.16
Compress_60,37.85,42.15,49.71,4.3,11.86
Compress_60,36.64,40.13,55.0,3.49,18.36
Compress_60,36.42,41.0,52.77,4.58,16.35
Compress_60,35.94,34.53,52.33,1.41,16.39
Compress_60,36.76,42.51,51.4,5.75,14.65
Compress_60,40.45,44.33,52.75,3.89,12.31
Compress_60,37.18,39.15,55.41,1.97,18.23
Compress_60,36.55,39.72,52.93,3.17,16.38
Compress_60,36.68,41.25,48.64,4.57,11.96
Compress_60,35.81,39.71,53.87,3.9,18.06
Compress_60,38.06,44.45,52.93,6.39,14.87
Compress_60,38.24,45.69,52.79,7.45,14.55
Compress_60,37.55,39.69,54.74,2.14,17.19
Compress_60,36.76,40.72,52.2,3.95,15.44
Compress_60,38.88,39.85,46.84,0.97,7.96
Compress_60,38.79,39.46,52.69,0.68,13.9
Compress_60,36.22,42.76,52.5,6.54,16.28
Compress_60,36.2,40.39,53.31,4.19,17.11
Compress_60,37.44,41.16,47.64,3.72,10.19
Compress_60,37.72,39.38,49.11,1.66,11.39
Compress_60,37.63,40.71,50.43,3.08,12.8
Compress_60,36.74,41.46,52.06,4.72,15.32
Compress_60,37.88,41.22,54.73,3.34,16.84
Compress_60,37.89,39.95,46.04,2.06,8.15
Compress_60,36.04,39.03,48.33,2.98,12.29
Compress_60,35.82,37.18,54.45,1.37,18.63
Compress_60,37.49,44.66,35.65,7.17,1.84
Compress_60,38.22,38.99,53.41,0.78,15.2
Compress_60,36.94,38.03,52.01,1.1,15.07
Compress_60,34.64,38.84,53.62,4.21,18.99
Compress_60,37.62,49.42,47.08,11.8,9.46
Compress_60,38.04,41.39,50.19,3.35,12.15
Compress_60,36.09,39.37,51.22,3.27,15.12
Compress_60,38.27,43.42,50.89,5.14,12.61
Compress_60,35.73,38.59,52.77,2.86,17.04
Compress_60,35.72,39.6,50.01,3.88,14.29
Compress_60,37.39,40.23,48.25,2.84,10.85
Compress_60,37.56,38.76,51.71,1.2,14.15
Compress_60,36.27,37.81,54.5,1.54,18.23
Compress_60,36.7,41.06,51.66,4.37,14.96
Compress_60,36.12,36.78,53.56,0.65,17.43
Compress_60,38.2,42.29,50.93,4.09,12.74
Compress_60,35.79,38.35,51.55,2.56,15.76
Compress_60,35.67,36.86,55.39,1.2,19.72
Compress_60,36.19,35.68,55.21,0.51,19.02
Compress_60,37.73,36.22,48.78,1.51,11.05
Compress_60,37.53,36.1,50.83,1.43,13.3
Compress_60,37.94,44.96,51.89,7.02,13.95
Compress_60,35.88,39.35,52.27,3.47,16.39
Compress_60,37.08,44.42,49.83,7.34,12.75
Compress_60,38.41,40.06,53.44,1.64,15.03
Compress_60,35.62,37.45,52.59,1.83,16.97
Compress_60,37.31,36.26,53.09,1.05,15.77
Compress_60,33.94,41.93,48.47,7.99,14.53
Compress_60,35.52,37.99,51.55,2.47,16.03
Compress_60,37.91,37.21,48.71,0.7,10.8
Compress_60,34.82,37.48,52.98,2.67,18.16
Compress_60,36.34,39.25,51.89,2.91,15.56
Compress_60,36.99,40.71,52.41,3.72,15.42
Compress_60,36.43,42.34,53.42,5.91,16.99
Compress_60,37.58,42.99,51.55,5.41,13.98
Compress_60,41.45,39.51,50.11,1.94,8.66
Compress_60,38.29,39.39,53.79,1.1,15.5
Compress_60,38.6,41.02,50.59,2.42,11.99
Compress_60,36.69,37.31,54.27,0.62,17.58
Compress_60,37.98,43.21,54.02,5.23,16.05
Compress_60,35.26,41.53,53.55,6.28,18.29
Compress_60,37.5,37.53,53.09,0.03,15.59
Compress_60,39.47,38.15,48.84,1.32,9.37
Compress_60,40.58,47.36,44.1,6.78,3.52
Compress_60,37.69,44.41,50.59,6.72,12.9
Compress_60,36.47,36.47,54.16,0.0,17.69
Compress_60,37.42,41.28,51.66,3.86,14.24
Compress_60,39.41,48.28,50.51,8.88,11.11
Compress_60,37.39,35.79,52.56,1.61,15.17
Compress_60,36.52,42.48,53.03,5.96,16.51
Compress_60,38.05,36.59,52.31,1.46,14.26
Compress_60,36.29,36.19,48.79,0.1,12.5
Compress_60,34.32,37.39,47.15,3.06,12.83
Compress_60,38.92,43.75,50.67,4.83,11.75
Compress_60,37.99,36.12,52.6,1.87,14.61
Compress_60,36.38,42.91,53.67,6.54,17.29
Compress_60,37.08,40.06,54.49,2.98,17.41
Compress_60,35.93,41.0,55.53,5.07,19.6
Compress_60,38.33,41.63,50.37,3.3,12.05
Compress_60,38.88,37.65,52.76,1.23,13.88
Compress_60,37.22,41.52,53.75,4.29,16.53
Compress_60,35.6,40.93,52.77,5.33,17.16
Compress_60,40.38,38.89,46.0,1.49,5.62
Compress_60,35.96,37.72,54.39,1.75,18.43
Compress_60,35.12,34.25,50.06,0.86,14.94
Compress_60,36.81,37.36,50.56,0.55,13.75
Compress_60,34.82,35.51,53.61,0.68,18.79
Compress_60,34.63,37.21,54.01,2.58,19.38
Compress_60,39.38,39.11,48.5,0.28,9.12
Compress_60,35.11,40.56,53.82,5.45,18.71
Compress_60,36.51,36.87,53.37,0.37,16.86
Compress_60,36.5,37.13,52.2,0.63,15.7
Compress_60,37.11,41.27,51.57,4.15,14.46
Compress_60,34.41,38.34,53.6,3.93,19.19
Compress_60,40.18,41.08,48.15,0.9,7.97
Compress_60,36.01,38.73,45.46,2.71,9.44
Compress_60,37.67,45.43,52.93,7.76,15.26
Compress_60,35.43,39.19,53.52,3.76,18.09
Compress_60,37.51,42.35,50.96,4.85,13.46
Compress_60,37.15,40.99,51.51,3.84,14.36
Compress_60,35.94,40.9,54.43,4.96,18.49
Compress_60,36.63,42.38,51.21,5.75,14.59
Compress_60,35.37,36.91,42.76,1.54,7.39
Compress_60,36.83,36.88,50.01,0.05,13.19
Compress_60,36.23,39.19,50.33,2.96,14.1
Compress_60,36.99,39.93,47.47,2.94,10.48
Compress_60,34.97,45.1,44.44,10.13,9.47
Compress_60,37.56,38.88,54.87,1.33,17.31
Compress_60,36.5,41.97,54.56,5.48,18.07
Compress_60,34.89,38.51,53.79,3.63,18.9
Compress_60,37.98,37.47,51.8,0.51,13.82
Compress_60,38.53,38.54,52.32,0.01,13.79
Compress_60,36.77,40.95,54.46,4.18,17.69
Compress_60,36.51,40.46,54.35,3.95,17.84
Compress_60,37.36,36.97,47.63,0.38,10.27
Compress_60,38.46,46.76,47.37,8.3,8.91
Compress_60,35.66,39.09,52.59,3.43,16.93
Compress_60,37.86,37.16,51.28,0.71,13.42
Compress_60,36.65,35.67,52.91,0.98,16.25
Compress_60,38.01,45.54,45.31,7.54,7.31
Compress_60,37.0,41.27,47.84,4.26,10.83
Compress_60,37.42,39.15,52.17,1.73,14.76
Compress_60,36.7,35.95,52.06,0.75,15.36
Compress_60,36.98,39.27,54.04,2.29,17.06
Compress_60,36.3,36.85,51.96,0.55,15.66
Compress_60,38.33,47.5,51.63,9.17,13.3
Compress_60,35.61,39.86,45.82,4.25,10.21
Compress_60,36.67,36.62,54.58,0.06,17.91
Compress_60,37.28,40.26,53.16,2.98,15.89
Compress_60,36.86,37.6,51.72,0.74,14.86
Compress_60,37.17,38.98,51.95,1.81,14.78
Compress_60,35.45,38.14,53.26,2.7,17.81
Compress_60,38.46,40.44,50.9,1.98,12.44
Compress_60,38.41,38.94,45.73,0.53,7.32
Compress_60,37.06,41.88,44.33,4.82,7.27
Compress_60,39.1,42.43,54.33,3.32,15.23
Compress_60,37.29,42.08,53.38,4.79,16.09
Compress_60,36.84,36.61,56.07,0.22,19.23
Compress_60,36.16,41.26,50.62,5.1,14.46
Compress_60,34.8,37.33,53.24,2.52,18.44
Compress_60,38.41,44.37,54.69,5.97,16.28
Compress_60,37.06,40.75,54.2,3.69,17.14
Compress_60,36.87,35.47,52.17,1.39,15.31
Compress_60,35.49,42.38,51.81,6.89,16.33
Compress_60,36.98,36.06,52.3,0.92,15.32
Compress_60,36.01,40.72,51.33,4.71,15.32
Compress_60,39.41,38.52,50.7,0.89,11.29
Compress_60,38.49,40.18,50.13,1.69,11.64
Compress_60,36.27,41.5,53.76,5.24,17.49
Compress_60,37.94,39.5,53.27,1.56,15.32
Compress_60,40.8,41.76,47.26,0.96,6.46
Compress_60,35.17,37.97,53.29,2.8,18.12
Compress_60,39.2,40.55,46.12,1.35,6.91
Compress_60,35.45,36.6,44.26,1.15,8.81
Compress_60,39.03,39.86,41.02,0.83,1.99
Compress_60,39.04,39.51,50.6,0.48,11.56
Compress_60,36.57,40.22,50.27,3.65,13.7
Compress_60,36.58,46.58,52.08,10.0,15.49
Compress_60,36.43,43.26,53.37,6.83,16.95
Compress_60,34.66,41.53,41.0,6.88,6.34
Compress_60,36.4,37.44,50.48,1.05,14.09
Compress_60,36.45,39.44,53.75,3.0,17.31
Compress_60,37.95,42.2,53.75,4.25,15.8
Compress_60,36.97,39.52,51.21,2.55,14.25
Compress_60,34.46,36.0,54.27,1.55,19.81
Compress_60,38.17,39.78,54.2,1.61,16.03
Compress_60,40.41,41.01,50.63,0.6,10.22
Compress_60,33.53,36.24,52.25,2.71,18.72
Compress_60,36.5,35.9,51.5,0.6,15.0
Compress_60,36.02,42.59,53.56,6.58,17.55
Compress_60,40.72,44.53,50.78,3.8,10.06
Compress_60,37.53,38.43,50.64,0.9,13.11
Compress_60,36.79,43.55,48.08,6.75,11.29
Compress_60,37.2,41.73,51.35,4.53,14.15
Compress_60,35.4,40.02,52.32,4.61,16.91
Compress_60,37.39,40.8,50.28,3.41,12.89
Compress_60,36.85,37.72,52.56,0.86,15.7
Compress_60,36.45,38.05,52.81,1.6,16.36
Compress_60,36.15,40.22,51.39,4.07,15.24
Compress_60,37.38,45.39,48.08,8.0,10.7
Compress_60,34.83,40.41,54.29,5.58,19.46
Compress_60,39.06,38.45,50.86,0.6,11.8
Compress_60,36.12,40.14,51.02,4.02,14.9
Compress_60,37.14,40.6,52.65,3.46,15.52
Compress_60,36.5,38.54,14.66,2.04,21.84
Compress_60,35.7,41.73,53.87,6.04,18.18
Compress_60,37.54,40.39,51.98,2.85,14.44
Compress_60,35.66,33.62,52.25,2.05,16.59
Compress_60,36.4,41.73,47.29,5.33,10.89
Compress_60,36.69,40.22,51.74,3.53,15.05
Compress_60,35.97,39.19,53.87,3.23,17.91
Compress_60,36.59,39.4,50.98,2.81,14.39
Compress_60,35.61,45.63,53.63,10.02,18.02
Compress_60,35.26,40.03,53.95,4.77,18.69
Compress_60,37.62,43.15,53.27,5.53,15.65
Compress_60,35.69,38.37,53.77,2.68,18.08
Compress_60,36.52,36.57,52.71,0.06,16.19
Compress_60,36.79,36.55,53.48,0.24,16.69
Compress_60,38.35,33.88,47.96,4.47,9.61
Compress_60,37.76,38.15,44.73,0.39,6.97
Compress_60,36.44,39.9,54.33,3.46,17.9
Compress_60,37.68,38.77,51.31,1.09,13.64
Compress_60,40.41,42.32,50.22,1.92,9.81
Compress_60,37.64,38.66,54.2,1.01,16.56
Compress_60,37.61,39.49,53.35,1.88,15.74
Compress_60,35.81,42.1,53.11,6.29,17.3
Compress_60,37.35,38.23,51.09,0.88,13.74
Compress_60,34.91,43.04,55.51,8.14,20.61
Compress_60,36.82,41.32,46.38,4.5,9.56
Compress_60,36.94,44.03,53.68,7.09,16.74
Compress_60,36.19,39.17,54.13,2.98,17.95
Compress_60,37.03,36.96,53.88,0.07,16.86
Compress_60,36.6,39.46,53.78,2.86,17.18
Compress_60,35.09,41.59,50.54,6.5,15.44
Compress_60,35.49,40.78,52.62,5.29,17.13
Compress_60,36.27,39.7,53.24,3.42,16.97
Compress_60,37.26,41.04,52.32,3.78,15.06
Compress_60,37.36,40.52,50.45,3.16,13.08
Compress_60,36.42,39.99,49.88,3.56,13.46
Compress_60,36.49,39.56,49.75,3.07,13.26
Compress_60,37.24,42.57,40.4,5.33,3.16
Compress_60,33.56,37.52,41.1,3.97,7.55
Compress_60,38.33,40.18,48.18,1.85,9.84
Compress_60,39.17,42.12,48.37,2.95,9.2
Compress_60,36.55,37.13,54.38,0.58,17.83
Compress_60,34.15,40.92,52.32,6.77,18.17
Compress_60,35.49,40.43,53.67,4.95,18.19
Compress_60,35.77,37.4,54.94,1.64,19.17
Compress_60,39.23,43.74,38.53,4.51,0.7
Compress_60,37.7,42.16,52.45,4.46,14.75
Compress_60,34.58,39.58,32.03,5.0,2.55
Compress_60,36.91,37.45,54.0,0.54,17.09
Compress_60,39.55,48.4,37.27,8.85,2.28
Compress_60,36.47,39.76,49.0,3.29,12.53
Compress_60,37.53,41.19,52.83,3.65,15.3
Compress_60,37.08,42.79,53.21,5.71,16.13
Compress_60,35.9,42.09,46.24,6.19,10.34
Compress_60,39.09,38.68,53.69,0.41,14.6
Compress_60,38.66,40.03,46.85,1.36,8.18
Compress_60,37.11,44.25,52.68,7.14,15.57
Compress_60,34.93,36.94,53.69,2.01,18.76
Compress_60,37.21,38.17,53.37,0.96,16.16
Compress_60,39.58,40.46,45.33,0.88,5.75
Compress_60,33.18,35.16,39.75,1.98,6.57
Compress_60,36.31,39.68,52.79,3.37,16.48
Compress_60,37.05,48.14,51.58,11.1,14.53
Compress_60,36.14,39.11,50.96,2.97,14.81
Compress_60,36.26,39.71,55.13,3.45,18.87
Compress_60,38.51,42.47,54.26,3.96,15.75
Compress_60,37.54,44.92,53.85,7.38,16.31
Compress_60,37.89,37.26,53.34,0.64,15.45
Compress_60,36.65,45.31,51.96,8.65,15.3
Compress_60,36.86,39.06,52.29,2.21,15.44
Compress_60,38.72,50.83,50.98,12.1,12.26
Compress_60,38.2,42.75,51.04,4.55,12.83
Compress_60,35.98,34.57,50.43,1.41,14.45
Stripe_s002,33.66,30.44,54.1,3.22,20.44
Stripe_s002,34.16,41.26,51.21,7.09,17.05
Stripe_s002,34.44,42.22,53.17,7.78,18.73
Stripe_s002,33.64,30.82,52.74,2.82,19.1
Stripe_s002,33.96,39.26,53.06,5.3,19.1
Stripe_s002,34.09,34.49,49.93,0.4,15.84
Stripe_s002,33.74,38.64,51.63,4.91,17.9
Stripe_s002,33.95,43.94,48.42,9.99,14.47
Stripe_s002,34.15,30.72,52.22,3.42,18.07
Stripe_s002,34.33,34.53,52.87,0.2,18.55
Stripe_s002,34.35,35.02,53.66,0.67,19.31
Stripe_s002,33.7,35.72,53.95,2.02,20.26
Stripe_s002,34.3,39.95,44.92,5.65,10.61
Stripe_s002,34.63,31.92,53.36,2.71,18.73
Stripe_s002,34.49,39.85,53.02,5.36,18.53
Stripe_s002,34.42,35.1,51.76,0.67,17.33
Stripe_s002,34.3,37.61,52.61,3.3,18.31
Stripe_s002,34.32,38.72,51.85,4.4,17.52
Stripe_s002,34.32,40.37,50.48,6.05,16.16
Stripe_s002,33.81,42.72,47.7,8.92,13.89
Stripe_s002,34.85,31.32,52.75,3.53,17.9
Stripe_s002,34.02,38.02,50.75,4.01,16.74
Stripe_s002,34.04,34.89,55.54,0.85,21.49
Stripe_s002,33.92,36.8,54.05,2.88,20.13
Stripe_s002,34.18,28.47,55.1,5.72,20.92
Stripe_s002,33.66,34.94,52.98,1.29,19.32
Stripe_s002,34.63,37.35,52.97,2.72,18.34
Stripe_s002,34.22,39.7,52.57,5.48,18.35
Stripe_s002,34.04,39.84,52.63,5.8,18.59
Stripe_s002,34.23,30.81,52.29,3.42,18.06
Stripe_s002,34.31,35.86,54.3,1.55,19.99
Stripe_s002,34.28,35.55,50.98,1.27,16.7
Stripe_s002,34.13,34.88,50.01,0.75,15.87
Stripe_s002,34.3,38.91,51.46,4.61,17.16
Stripe_s002,34.03,35.64,53.9,1.61,19.87
Stripe_s002,33.74,37.57,48.87,3.83,15.13
Stripe_s002,34.19,36.64,51.61,2.44,17.42
Stripe_s002,34.0,42.34,54.21,8.34,20.21
Stripe_s002,33.89,35.17,49.52,1.28,15.64
Stripe_s002,34.18,41.26,51.7,7.08,17.52
Stripe_s002,34.5,37.83,53.56,3.33,19.06
Stripe_s002,33.94,41.32,53.95,7.38,20.02
Stripe_s002,34.42,43.58,53.61,9.16,19.18
Stripe_s002,33.85,35.13,54.54,1.28,20.69
Stripe_s002,34.26,40.57,53.16,6.31,18.9
Stripe_s002,34.09,39.85,51.22,5.76,17.13
Stripe_s002,34.23,35.33,52.38,1.1,18.15
Stripe_s002,33.68,30.49,55.25,3.2,21.57
Stripe_s002,33.91,40.57,51.0,6.66,17.09
Stripe_s002,34.46,41.59,54.06,7.13,19.59
Stripe_s002,33.71,36.04,52.56,2.33,18.85
Stripe_s002,33.73,36.6,49.81,2.87,16.09
Stripe_s002,34.05,36.35,52.44,2.3,18.4
Stripe_s002,34.61,41.86,50.85,7.25,16.25
Stripe_s002,33.99,36.83,52.14,2.84,18.15
Stripe_s002,33.38,42.78,52.01,9.4,18.62
Stripe_s002,34.19,31.76,53.55,2.44,19.36
Stripe_s002,34.28,39.52,49.74,5.24,15.46
Stripe_s002,34.61,38.86,50.03,4.25,15.42
Stripe_s002,34.31,44.2,50.9,9.9,16.6
Stripe_s002,34.13,33.64,54.41,0.5,20.27
Stripe_s002,34.27,40.03,49.52,5.76,15.25
Stripe_s002,33.95,43.0,54.09,9.05,20.14
Stripe_s002,34.51,40.46,52.75,5.95,18.24
Stripe_s002,34.52,36.28,51.18,1.76,16.66
Stripe_s002,34.85,36.9,53.5,2.05,18.65
Stripe_s002,34.56,39.05,52.68,4.5,18.13
Stripe_s002,34.43,33.23,51.52,1.2,17.09
Stripe_s002,34.32,41.52,50.48,7.2,16.16
Stripe_s002,33.92,36.97,50.49,3.05,16.57
Stripe_s002,34.12,35.26,53.78,1.14,19.66
Stripe_s002,34.53,36.02,44.63,1.49,10.1
Stripe_s002,34.18,39.8,52.93,5.63,18.75
Stripe_s002,34.19,43.51,52.1,9.32,17.91
Stripe_s002,33.5,31.15,51.23,2.35,17.72
Stripe_s002,34.24,35.98,51.02,1.74,16.78
Stripe_s002,34.31,40.26,52.93,5.95,18.62
Stripe_s002,34.25,42.27,54.14,8.02,19.89
Stripe_s002,34.8,31.78,52.51,3.03,17.71
Stripe_s002,33.69,36.79,51.25,3.1,17.56
Stripe_s002,34.3,37.1,51.87,2.79,17.57
Stripe_s002,34.41,38.57,46.07,4.16,11.66
Stripe_s002,33.8,40.67,52.13,6.87,18.33
Stripe_s002,34.08,40.06,53.01,5.98,18.93
Stripe_s002,33.7,39.62,53.2,5.92,19.49
Stripe_s002,34.22,31.58,51.38,2.63,17.16
Stripe_s002,33.79,38.52,53.11,4.72,19.32
Stripe_s002,33.74,46.22,52.76,12.48,19.02
Stripe_s002,34.01,43.28,54.33,9.28,20.32
Stripe_s002,33.98,42.11,49.08,8.13,15.1
Stripe_s002,34.01,37.64,48.94,3.63,14.92
Stripe_s002,34.38,42.23,50.16,7.85,15.78
Stripe_s002,33.87,27.75,42.28,6.11,8.41
Stripe_s002,33.91,29.55,52.21,4.36,18.3
Stripe_s002,34.02,29.37,49.71,4.65,15.69
Stripe_s002,34.01,30.49,53.86,3.53,19.84
Stripe_s002,34.12,34.79,51.9,0.66,17.78
Stripe_s002,34.19,39.9,50.06,5.71,15.88
Stripe_s002,34.37,39.47,54.53,5.1,20.16
Stripe_s002,34.52,35.86,52.46,1.34,17.94
Stripe_s002,34.21,35.95,53.84,1.74,19.63
Stripe_s002,34.67,38.1,51.27,3.43,16.6
Stripe_s002,34.48,42.96,52.7,8.48,18.22
Stripe_s002,34.11,40.57,53.11,6.46,18.99
Stripe_s002,34.99,39.06,51.97,4.07,16.97
Stripe_s002,34.39,36.75,52.74,2.36,18.35
Stripe_s002,34.64,38.91,52.82,4.27,18.18
Stripe_s002,34.24,33.22,48.46,1.02,14.22
Stripe_s002,33.82,40.41,53.31,6.6,19.5
Stripe_s002,34.01,36.61,52.72,2.6,18.71
Stripe_s002,34.46,30.58,51.52,3.87,17.06
Stripe_s002,33.7,40.49,50.5,6.78,16.79
Stripe_s002,33.92,32.87,50.75,1.05,16.82
Stripe_s002,34.27,41.71,49.61,7.44,15.33
Stripe_s002,33.68,38.17,46.7,4.49,13.02
Stripe_s002,33.57,35.81,47.77,2.25,14.2
Stripe_s002,34.23,39.72,51.84,5.49,17.61
Stripe_s002,34.11,37.9,52.86,3.8,18.75
Stripe_s002,34.52,38.8,53.04,4.28,18.51
Stripe_s002,34.73,39.07,54.01,4.34,19.28
Stripe_s002,34.02,38.34,45.16,4.32,11.13
Stripe_s002,34.03,32.51,54.39,1.51,20.36
Stripe_s002,33.76,39.15,39.63,5.39,5.87
Stripe_s002,34.11,45.42,52.26,11.31,18.15
Stripe_s002,34.37,34.55,52.07,0.18,17.7
Stripe_s002,34.31,36.64,47.02,2.33,12.71
Stripe_s002,34.28,38.41,55.66,4.13,21.38
Stripe_s002,33.7,40.58,49.73,6.88,16.04
Stripe_s002,34.11,41.58,53.52,7.47,19.41
Stripe_s002,33.9,35.16,53.22,1.26,19.32
Stripe_s002,33.88,36.87,54.73,2.99,20.85
Stripe_s002,33.88,39.68,50.97,5.81,17.1
Stripe_s002,34.56,36.44,49.6,1.88,15.04
Stripe_s002,34.09,33.04,53.25,1.05,19.16
Stripe_s002,34.11,34.6,42.77,0.49,8.65
Stripe_s002,34.39,37.47,56.61,3.08,22.22
Stripe_s002,34.21,43.7,50.26,9.49,16.04
Stripe_s002,34.39,33.0,53.51,1.39,19.11
Stripe_s002,34.23,33.92,50.63,0.31,16.4
Stripe_s002,34.27,38.5,52.33,4.23,18.05
Stripe_s002,34.06,39.3,52.18,5.24,18.13
Stripe_s002,34.87,42.62,52.3,7.75,17.43
Stripe_s002,34.41,41.89,53.23,7.48,18.82
Stripe_s002,34.1,39.39,53.3,5.29,19.19
Stripe_s002,34.41,35.4,52.32,0.99,17.91
Stripe_s002,33.75,43.21,51.63,9.46,17.88
Stripe_s002,34.08,33.78,54.24,0.29,20.17
Stripe_s002,34.31,40.39,50.44,6.08,16.13
Stripe_s002,34.84,41.42,52.99,6.58,18.15
Stripe_s002,33.72,32.55,51.19,1.17,17.47
Stripe_s002,33.76,40.99,48.77,7.23,15.0
Stripe_s002,34.12,32.99,48.65,1.14,14.53
Stripe_s002,34.62,37.84,52.56,3.22,17.94
Stripe_s002,34.54,37.27,39.51,2.73,4.98
Stripe_s002,34.1,39.6,50.12,5.5,16.02
Stripe_s002,34.19,41.45,51.81,7.26,17.62
Stripe_s002,33.76,43.41,54.3,9.65,20.54
Stripe_s002,33.7,39.03,49.39,5.33,15.69
Stripe_s002,34.15,35.43,52.19,1.28,18.05
Stripe_s002,34.02,38.44,52.32,4.42,18.29
Stripe_s002,34.19,36.27,49.59,2.07,15.39
Stripe_s002,33.85,37.98,54.4,4.12,20.55
Stripe_s002,33.93,43.21,52.87,9.28,18.94
Stripe_s002,34.17,39.69,53.36,5.52,19.19
Stripe_s002,34.22,43.14,53.09,8.93,18.88
Stripe_s002,34.76,41.08,53.27,6.32,18.51
Stripe_s002,33.91,39.1,52.38,5.19,18.47
Stripe_s002,34.47,39.52,51.54,5.05,17.07
Stripe_s002,33.69,33.87,50.76,0.18,17.07
Stripe_s002,34.14,34.8,53.1,0.66,18.96
Stripe_s002,34.0,40.58,50.26,6.58,16.26
Stripe_s002,34.94,35.06,54.58,0.12,19.65
Stripe_s002,34.26,31.33,53.19,2.93,18.93
Stripe_s002,34.68,33.32,49.79,1.36,15.12
Stripe_s002,33.78,35.02,54.17,1.24,20.39
Stripe_s002,33.87,32.38,51.03,1.48,17.17
Stripe_s002,33.88,39.5,50.31,5.62,16.43
Stripe_s002,34.35,37.26,51.5,2.91,17.15
Stripe_s002,33.77,38.11,49.97,4.34,16.2
Stripe_s002,34.17,31.93,51.33,2.24,17.15
Stripe_s002,33.93,29.17,37.17,4.77,3.24
Stripe_s002,34.67,39.7,50.8,5.02,16.13
Stripe_s002,33.9,37.85,53.5,3.95,19.6
Stripe_s002,34.25,39.39,52.46,5.14,18.21
Stripe_s002,33.89,39.96,54.08,6.07,20.19
Stripe_s002,33.96,39.16,49.91,5.2,15.95
Stripe_s002,33.7,35.89,45.74,2.19,12.04
Stripe_s002,34.16,40.74,54.3,6.59,20.14
Stripe_s002,34.06,40.76,49.67,6.7,15.61
Stripe_s002,34.37,33.88,53.6,0.49,19.23
Stripe_s002,34.31,40.19,52.31,5.88,18.0
Stripe_s002,34.26,31.85,47.25,2.41,12.99
Stripe_s002,33.74,43.39,51.57,9.65,17.83
Stripe_s002,34.19,39.73,43.17,5.54,8.98
Stripe_s002,34.04,41.14,53.11,7.1,19.07
Stripe_s002,34.27,44.9,52.53,10.63,18.26
Stripe_s002,34.2,41.46,53.54,7.26,19.34
Stripe_s002,33.88,36.65,47.67,2.76,13.79
Stripe_s002,34.25,36.17,50.36,1.93,16.12
Stripe_s002,34.13,41.34,47.8,7.21,13.67
Stripe_s002,33.73,38.15,52.51,4.42,18.78
Stripe_s002,34.28,38.72,52.76,4.44,18.49
Stripe_s002,34.42,40.28,52.82,5.85,18.4
Stripe_s002,34.03,38.07,55.03,4.05,21.0
Stripe_s002,34.01,43.09,53.41,9.08,19.4
Stripe_s002,33.89,32.72,48.08,1.17,14.2
Stripe_s002,34.2,37.1,44.99,2.91,10.79
Stripe_s002,34.1,39.2,52.37,5.1,18.27
Stripe_s002,33.97,45.75,52.58,11.78,18.61
Stripe_s002,34.37,36.2,52.83,1.84,18.46
Stripe_s002,33.94,47.93,52.03,13.99,18.08
Stripe_s002,33.85,31.08,51.07,2.77,17.22
Stripe_s002,34.52,34.78,54.73,0.26,20.21
Stripe_s002,33.85,41.51,53.71,7.67,19.86
Stripe_s002,33.53,31.85,53.52,1.68,19.99
Stripe_s002,34.41,32.62,53.0,1.79,18.58
Stripe_s002,33.41,31.65,49.2,1.76,15.79
Stripe_s002,33.99,33.29,53.71,0.7,19.72
Stripe_s002,34.25,33.92,51.57,0.32,17.32
Stripe_s002,34.12,44.1,48.97,9.98,14.85
Stripe_s002,34.56,39.26,51.13,4.7,16.57
Stripe_s002,34.33,33.86,51.3,0.47,16.97
Stripe_s002,33.74,37.58,54.13,3.84,20.4
Stripe_s002,34.25,40.64,54.0,6.39,19.75
Stripe_s002,33.89,33.95,52.1,0.06,18.21
Stripe_s002,34.5,35.44,51.79,0.94,17.3
Stripe_s002,34.56,30.32,51.75,4.24,17.19
Stripe_s002,33.96,27.13,52.74,6.83,18.78
Stripe_s002,34.48,38.05,53.99,3.57,19.51
Stripe_s002,34.43,37.28,47.36,2.85,12.93
Stripe_s002,34.44,33.22,50.68,1.22,16.24
Stripe_s002,34.01,35.93,50.5,1.92,16.49
Stripe_s002,34.33,43.49,51.61,9.16,17.28
Stripe_s002,33.99,33.18,53.68,0.81,19.69
Stripe_s002,34.05,38.74,53.27,4.69,19.22
Stripe_s002,33.98,38.04,54.54,4.05,20.56
Stripe_s002,34.13,38.58,52.64,4.45,18.51
Stripe_s002,34.26,33.59,50.44,0.66,16.18
Stripe_s002,34.41,38.91,53.08,4.49,18.67
Stripe_s002,33.9,31.41,52.79,2.49,18.89
Stripe_s002,33.59,42.07,50.21,8.49,16.62
Stripe_s002,33.98,37.62,48.17,3.64,14.2
Stripe_s002,34.09,37.52,51.89,3.43,17.8
Stripe_s002,34.06,39.43,50.16,5.37,16.1
Stripe_s002,34.31,36.68,34.56,2.37,0.25
Stripe_s002,34.34,32.47,53.18,1.88,18.84
Stripe_s002,33.93,38.23,50.14,4.29,16.21
Stripe_s002,34.84,43.37,51.5,8.53,16.66
Stripe_s002,34.35,39.92,49.62,5.57,15.27
Stripe_s002,34.42,40.22,47.95,5.81,13.53
Stripe_s002,34.05,40.46,53.12,6.41,19.08
Stripe_s002,34.42,44.44,52.62,10.02,18.2
Stripe_s002,34.13,36.1,53.84,1.97,19.72
Stripe_s002,34.13,41.71,51.77,7.58,17.64
Stripe_s002,34.48,33.6,51.43,0.88,16.95
Stripe_s002,33.91,44.89,52.96,10.97,19.05
Stripe_s002,34.21,38.35,53.67,4.14,19.46
Stripe_s002,34.51,41.02,48.07,6.51,13.56
Stripe_s002,34.0,36.15,51.12,2.15,17.12
Stripe_s002,34.01,39.17,53.34,5.16,19.33
Stripe_s002,34.55,44.29,53.2,9.74,18.65
Stripe_s002,34.44,41.39,48.67,6.96,14.24
Stripe_s002,34.53,43.24,52.13,8.71,17.6
Stripe_s002,34.9,38.49,46.75,3.59,11.85
Stripe_s002,33.93,45.42,52.25,11.48,18.31
Stripe_s002,33.71,38.59,53.57,4.88,19.86
Stripe_s002,34.22,36.06,54.16,1.83,19.93
Stripe_s002,33.73,44.38,52.49,10.65,18.75
Stripe_s002,33.81,39.02,53.01,5.22,19.2
Stripe_s002,34.06,43.93,54.38,9.87,20.32
Stripe_s002,34.57,36.96,53.39,2.39,18.82
Stripe_s002,34.19,36.74,48.91,2.55,14.72
Stripe_s002,33.65,31.94,49.06,1.71,15.41
Stripe_s002,33.91,38.54,54.05,4.63,20.15
Stripe_s002,34.35,40.6,54.11,6.25,19.76
Stripe_s002,34.14,37.63,53.42,3.48,19.27
Stripe_s002,34.26,35.74,55.17,1.49,20.91
Stripe_s002,33.78,36.56,53.53,2.78,19.75
Stripe_s002,34.31,35.16,52.21,0.85,17.9
Stripe_s002,34.08,35.54,54.44,1.46,20.36
Stripe_s002,34.8,35.89,52.71,1.09,17.91
Stripe_s002,34.17,31.16,54.93,3.01,20.75
Stripe_s002,34.12,38.47,52.69,4.36,18.58
Stripe_s002,34.71,35.66,54.85,0.95,20.13
Stripe_s002,33.93,34.06,51.24,0.13,17.31
Stripe_s002,33.91,42.74,52.34,8.83,18.42
Stripe_s002,34.15,33.17,50.37,0.98,16.22
Stripe_s002,34.02,34.46,50.17,0.44,16.15
Stripe_s002,34.45,39.9,49.79,5.45,15.35
Stripe_s002,34.67,40.52,52.23,5.84,17.56
Stripe_s002,34.46,36.81,52.89,2.35,18.43
Stripe_s002,33.77,37.58,53.27,3.81,19.5
Stripe_s002,34.62,41.02,50.03,6.4,15.41
Stripe_s002,34.24,39.08,52.53,4.84,18.29
Stripe_s002,34.26,37.34,52.17,3.08,17.91
Stripe_s002,33.99,37.11,54.63,3.12,20.64
Stripe_s002,33.68,32.46,51.99,1.22,18.31
Stripe_s002,34.49,32.67,52.4,1.82,17.91
Stripe_s002,34.89,36.64,51.22,1.75,16.33
Stripe_s002,34.15,41.38,53.53,7.22,19.38
Stripe_s002,33.95,40.94,51.87,6.99,17.92
Stripe_s002,34.25,32.17,52.03,2.09,17.78
Stripe_s002,34.35,40.12,53.4,5.78,19.05
Stripe_s002,34.55,35.31,54.11,0.76,19.57
Stripe_s002,34.23,43.32,49.33,9.09,15.1
Stripe_s002,34.15,31.12,53.61,3.03,19.46
Stripe_s002,33.84,32.71,52.73,1.14,18.88
Stripe_s002,33.95,40.23,53.36,6.28,19.41
Stripe_s002,34.1,36.4,51.99,2.3,17.89
Stripe_s002,34.24,37.67,52.09,3.43,17.85
Stripe_s002,34.37,40.42,51.64,6.06,17.28
Stripe_s002,33.95,38.7,52.18,4.76,18.24
Stripe_s002,34.35,37.41,53.27,3.06,18.92
Stripe_s002,34.46,41.63,52.73,7.17,18.27
Stripe_s002,34.02,36.04,53.1,2.02,19.08
Stripe_s002,34.54,35.53,53.26,0.99,18.72
Stripe_s002,33.94,34.17,52.26,0.23,18.32
Stripe_s002,34.29,41.51,51.47,7.23,17.18
Stripe_s002,34.41,43.5,52.96,9.09,18.55
Stripe_s002,34.13,40.3,41.14,6.16,7.0
Stripe_s002,34.2,40.84,52.69,6.64,18.49
Stripe_s002,34.22,37.82,51.99,3.61,17.78
Stripe_s002,33.79,39.4,51.14,5.61,17.35
Stripe_s002,34.4,32.7,54.5,1.69,20.1
Stripe_s002,33.59,29.4,53.38,4.19,19.79
Stripe_s002,34.21,37.92,52.91,3.71,18.71
Stripe_s002,33.84,40.53,53.04,6.69,19.2
Stripe_s002,34.12,33.16,50.54,0.96,16.42
Stripe_s002,34.6,40.85,53.06,6.24,18.45
Stripe_s002,34.43,32.03,53.06,2.4,18.63
Stripe_s002,33.94,27.1,52.73,6.84,18.79
Stripe_s002,34.23,40.82,44.06,6.59,9.83
Stripe_s002,33.94,30.95,52.57,2.99,18.63
Stripe_s002,33.65,43.53,52.98,9.88,19.33
Stripe_s002,34.47,40.49,53.87,6.01,19.4
Stripe_s002,34.07,39.09,55.04,5.02,20.97
Stripe_s002,34.17,38.69,53.5,4.52,19.34
Stripe_s002,33.9,31.71,46.99,2.19,13.09
Stripe_s002,34.36,39.25,51.58,4.89,17.22
Stripe_s002,33.96,31.35,51.8,2.61,17.84
Stripe_s002,34.23,36.69,52.08,2.46,17.85
Stripe_s002,34.13,40.77,52.59,6.64,18.46
Stripe_s002,34.19,37.62,53.88,3.43,19.69
Stripe_s002,33.57,38.58,51.95,5.01,18.37
Stripe_s002,34.11,40.87,53.03,6.76,18.92
Stripe_s002,33.65,38.33,54.01,4.68,20.36
Stripe_s002,33.88,37.56,50.85,3.68,16.97
Stripe_s002,34.28,38.02,52.95,3.75,18.68
Stripe_s002,34.73,36.71,49.21,1.98,14.47
Stripe_s002,33.57,35.38,52.37,1.81,18.8
Stripe_s002,34.5,35.17,51.2,0.66,16.7
Stripe_s002,33.63,45.38,51.52,11.75,17.89
Stripe_s002,33.91,37.3,52.09,3.39,18.18
Stripe_s002,34.31,33.33,51.56,0.98,17.25
Stripe_s002,34.35,35.3,51.39,0.96,17.04
Stripe_s002,34.11,38.12,52.3,4.0,18.18
Stripe_s002,34.54,33.58,53.45,0.96,18.92
Stripe_s002,34.61,36.82,53.29,2.2,18.68
Stripe_s002,33.76,31.7,51.83,2.07,18.07
Stripe_s002,34.33,33.21,50.42,1.12,16.09
Stripe_s002,33.62,27.86,53.2,5.76,19.58
Stripe_s002,33.92,29.44,44.75,4.48,10.83
Stripe_s002,34.52,38.71,54.13,4.19,19.61
Stripe_s002,34.29,45.03,52.83,10.74,18.54
Stripe_s002,33.67,37.72,54.02,4.05,20.35
Stripe_s002,34.02,34.39,52.24,0.36,18.22
Stripe_s002,34.55,37.32,53.48,2.77,18.93
Stripe_s002,34.22,38.7,50.7,4.48,16.48
Stripe_s002,34.17,38.15,51.35,3.98,17.18
Stripe_s002,34.01,39.13,55.43,5.12,21.42
Stripe_s002,34.11,33.32,49.44,0.78,15.33
Stripe_s002,33.83,36.19,50.36,2.35,16.53
Stripe_s002,34.75,36.23,52.6,1.48,17.85
Stripe_s002,33.94,38.19,51.54,4.25,17.59
Stripe_s002,34.54,35.95,52.88,1.42,18.35
Stripe_s002,34.55,34.56,53.08,0.01,18.53
Stripe_s002,33.52,34.7,53.65,1.19,20.14
Stripe_s002,34.43,39.94,50.23,5.51,15.8
Stripe_s002,34.34,37.73,47.33,3.39,12.99
Stripe_s002,34.36,43.95,53.22,9.59,18.86
Stripe_s002,34.43,37.73,51.43,3.3,17.0
Stripe_s002,33.96,41.58,53.97,7.62,20.0
Stripe_s002,34.07,39.92,54.6,5.85,20.53
Stripe_s002,34.13,40.13,53.76,6.0,19.63
Stripe_s002,33.88,33.55,54.57,0.34,20.69
Stripe_s002,33.97,36.91,51.42,2.94,17.45
Stripe_s002,33.85,42.65,52.98,8.81,19.13
Stripe_s002,34.52,43.82,50.46,9.3,15.95
Stripe_s002,33.82,35.17,40.81,1.35,6.99
Stripe_s002,34.42,43.37,53.31,8.95,18.89
Stripe_s002,34.5,37.71,44.34,3.21,9.84
Stripe_s002,34.41,42.17,53.71,7.76,19.3
Stripe_s002,34.37,41.98,50.31,7.61,15.94
Stripe_s002,34.11,40.41,53.75,6.29,19.64
Stripe_s002,34.44,35.54,52.25,1.1,17.81
Stripe_s002,34.23,33.04,47.57,1.18,13.34
Stripe_s002,34.45,36.03,52.38,1.58,17.93
Stripe_s002,34.33,37.77,51.07,3.44,16.74
Stripe_s002,34.01,34.18,52.89,0.17,18.89
Stripe_s002,33.95,40.75,53.14,6.8,19.19
Stripe_s002,34.14,43.26,49.63,9.13,15.49
Stripe_s002,34.31,34.34,53.04,0.04,18.73
Stripe_s002,34.25,34.35,50.19,0.11,15.94
Stripe_s002,34.3,46.29,51.9,11.99,17.6
Stripe_s002,34.28,34.61,49.75,0.33,15.47
Stripe_s002,34.16,32.02,53.47,2.14,19.31
Stripe_s002,34.47,38.58,53.24,4.11,18.78
Stripe_s002,33.89,36.38,52.78,2.49,18.89
Stripe_s002,34.09,42.54,50.68,8.45,16.59
Stripe_s002,33.98,35.53,53.49,1.55,19.52
Stripe_s002,33.93,33.3,50.99,0.63,17.05
Stripe_s002,34.14,42.8,52.87,8.67,18.73
Stripe_s002,34.23,38.38,51.42,4.15,17.19
Stripe_s002,33.79,42.9,55.22,9.11,21.42
Stripe_s002,34.07,39.73,51.57,5.66,17.5
Stripe_s002,34.3,38.67,53.86,4.36,19.55
Stripe_s002,34.26,35.12,52.8,0.86,18.54
Stripe_s002,33.45,33.82,48.24,0.37,14.78
Stripe_s002,33.92,31.74,52.32,2.18,18.4
Stripe_s002,33.64,36.42,53.84,2.79,20.2
Stripe_s002,34.11,35.09,51.91,0.98,17.8
Stripe_s002,34.57,31.18,45.91,3.4,11.34
Stripe_s002,34.37,29.23,50.55,5.14,16.18
Stripe_s002,34.24,45.85,51.43,11.6,17.18
Stripe_s002,34.23,39.38,53.88,5.16,19.66
Stripe_s002,34.02,41.25,52.21,7.23,18.19
Stripe_s002,34.51,44.16,52.2,9.65,17.69
Stripe_s002,34.41,40.26,52.05,5.85,17.64
Stripe_s002,34.76,33.64,55.18,1.12,20.42
Stripe_s002,34.44,38.58,54.42,4.14,19.98
Stripe_s002,34.25,37.67,51.77,3.41,17.51
Stripe_s002,34.1,36.42,53.32,2.31,19.22
Stripe_s002,33.89,40.42,51.88,6.53,18.0
Stripe_s002,34.21,38.92,52.93,4.71,18.71
Stripe_s002,33.86,37.39,54.38,3.53,20.52
Stripe_s002,34.01,35.26,51.95,1.26,17.94
Stripe_s002,34.44,40.02,52.05,5.58,17.6
Stripe_s002,33.72,38.55,53.62,4.83,19.91
Stripe_s002,34.59,37.41,52.19,2.82,17.59
Stripe_s002,34.03,38.74,54.52,4.71,20.5
Stripe_s002,34.08,38.23,53.88,4.15,19.8
Stripe_s002,33.95,37.91,52.39,3.96,18.43
Stripe_s002,34.24,47.48,51.81,13.24,17.57
Stripe_s002,34.41,36.11,51.79,1.7,17.38
Stripe_s002,34.02,41.2,54.32,7.18,20.29
Stripe_s002,34.19,33.25,49.18,0.93,15.0
Stripe_s002,34.49,39.08,51.71,4.59,17.22
Stripe_s002,34.16,41.57,52.45,7.42,18.29
Stripe_s002,34.4,28.32,50.87,6.08,16.47
Stripe_s002,34.8,37.45,55.27,2.65,20.48
Stripe_s005,26.08,25.94,53.97,0.14,27.9
Stripe_s005,26.12,26.36,53.11,0.24,26.99
Stripe_s005,25.77,27.1,52.18,1.32,26.41
Stripe_s005,26.26,26.22,51.25,0.04,24.99
Stripe_s005,26.09,26.87,53.06,0.77,26.97
Stripe_s005,25.8,25.99,53.46,0.19,27.66
Stripe_s005,25.43,26.0,51.84,0.58,26.41
Stripe_s005,26.44,26.17,54.03,0.27,27.59
Stripe_s005,26.12,26.93,53.17,0.81,27.04
Stripe_s005,25.71,25.68,55.14,0.03,29.42
Stripe_s005,26.82,26.43,52.28,0.39,25.46
Stripe_s005,26.09,25.91,55.76,0.18,29.66
Stripe_s005,25.94,27.04,48.82,1.1,22.88
Stripe_s005,25.9,25.57,51.1,0.32,25.21
Stripe_s005,26.25,26.24,52.92,0.02,26.67
Stripe_s005,26.01,25.82,54.21,0.19,28.2
Stripe_s005,25.79,25.75,54.24,0.04,28.45
Stripe_s005,26.13,25.96,54.08,0.17,27.95
Stripe_s005,25.75,26.13,53.03,0.38,27.28
Stripe_s005,26.31,25.67,53.58,0.64,27.27
Stripe_s005,26.33,26.38,54.28,0.06,27.95
Stripe_s005,26.5,26.62,55.07,0.12,28.57
Stripe_s005,26.49,27.06,55.12,0.57,28.63
Stripe_s005,25.62,26.17,54.27,0.55,28.65
Stripe_s005,25.99,31.86,54.68,5.87,28.69
Stripe_s005,26.59,25.99,54.0,0.6,27.41
Stripe_s005,26.5,26.69,56.07,0.19,29.57
Stripe_s005,26.17,25.45,51.84,0.72,25.67
Stripe_s005,25.89,27.55,56.18,1.66,30.28
Stripe_s005,26.37,26.66,55.13,0.29,28.76
Stripe_s005,26.8,26.5,51.49,0.3,24.69
Stripe_s005,26.1,29.37,55.02,3.27,28.91
Stripe_s005,26.71,27.09,53.06,0.38,26.35
Stripe_s005,26.65,26.19,53.63,0.46,26.98
Stripe_s005,26.13,26.8,54.6,0.66,28.46
Stripe_s005,26.03,26.19,55.08,0.16,29.04
Stripe_s005,26.44,26.0,52.22,0.44,25.78
Stripe_s005,26.34,26.6,53.57,0.25,27.23
Stripe_s005,26.16,30.84,53.22,4.67,27.06
Stripe_s005,26.17,26.84,55.05,0.67,28.89
Stripe_s005,26.37,26.08,52.45,0.29,26.08
Stripe_s005,26.01,25.94,55.41,0.07,29.39
Stripe_s005,26.12,26.07,54.93,0.06,28.81
Stripe_s005,26.23,26.26,53.28,0.03,27.06
Stripe_s005,25.59,25.46,52.65,0.13,27.06
Stripe_s005,25.96,25.94,54.62,0.03,28.66
Stripe_s005,27.02,25.5,52.52,1.52,25.5
Stripe_s005,26.69,25.69,55.22,1.0,28.53
Stripe_s005,26.08,25.82,52.99,0.26,26.92
Stripe_s005,25.85,25.67,54.59,0.18,28.74
Stripe_s005,26.02,26.55,53.16,0.53,27.15
Stripe_s005,26.05,25.89,55.73,0.17,29.67
Stripe_s005,26.44,26.02,53.31,0.43,26.87
Stripe_s005,26.43,20.2,56.32,6.23,29.89
Stripe_s005,26.51,25.69,52.79,0.82,26.27
Stripe_s005,26.3,25.79,53.46,0.51,27.16
Stripe_s005,26.11,28.85,54.58,2.74,28.47
Stripe_s005,26.4,26.8,51.58,0.4,25.18
Stripe_s005,26.36,26.32,54.93,0.04,28.57
Stripe_s005,25.8,26.09,53.75,0.29,27.95
Stripe_s005,26.21,25.44,51.96,0.77,25.75
Stripe_s005,25.83,25.9,54.05,0.07,28.22
Stripe_s005,26.3,26.17,52.93,0.12,26.63
Stripe_s005,25.99,29.07,54.44,3.08,28.45
Stripe_s005,26.24,25.81,52.45,0.43,26.21
Stripe_s005,26.16,25.93,52.91,0.23,26.74
Stripe_s005,26.0,26.62,52.63,0.62,26.63
Stripe_s005,26.88,26.13,53.13,0.75,26.24
Stripe_s005,26.51,26.02,54.82,0.49,28.31
Stripe_s005,26.52,28.29,51.83,1.77,25.31
Stripe_s005,26.47,27.26,51.36,0.79,24.89
Stripe_s005,26.84,26.4,54.44,0.44,27.6
Stripe_s005,26.56,25.49,54.96,1.07,28.4
Stripe_s005,25.55,26.01,53.73,0.46,28.18
Stripe_s005,26.18,25.72,53.14,0.46,26.96
Stripe_s005,26.39,31.76,54.81,5.37,28.42
Stripe_s005,26.39,26.32,52.76,0.07,26.38
Stripe_s005,26.05,26.37,54.2,0.32,28.15
Stripe_s005,26.27,26.67,53.54,0.4,27.27
Stripe_s005,26.2,25.67,52.45,0.53,26.24
Stripe_s005,26.17,25.78,54.4,0.4,28.22
Stripe_s005,25.95,25.76,54.7,0.19,28.74
Stripe_s005,26.07,26.03,56.16,0.04,30.09
Stripe_s005,26.49,25.86,53.54,0.62,27.05
Stripe_s005,26.47,26.12,51.0,0.35,24.53
Stripe_s005,26.14,26.19,54.8,0.05,28.66
Stripe_s005,25.92,26.61,53.25,0.7,27.33
Stripe_s005,26.4,26.35,52.48,0.05,26.08
Stripe_s005,26.04,26.69,55.17,0.65,29.13
Stripe_s005,25.72,27.89,55.08,2.17,29.36
Stripe_s005,26.12,25.88,54.38,0.24,28.26
Stripe_s005,26.17,26.28,52.99,0.11,26.82
Stripe_s005,26.82,27.39,52.24,0.56,25.42
Stripe_s005,26.84,26.59,52.24,0.24,25.4
Stripe_s005,25.95,25.55,54.96,0.4,29.01
Stripe_s005,26.36,26.0,53.76,0.36,27.41
Stripe_s005,25.91,26.81,54.83,0.9,28.92
Stripe_s005,26.66,26.13,52.32,0.52,25.66
Stripe_s005,26.08,26.9,51.97,0.82,25.9
Stripe_s005,26.39,26.07,53.38,0.32,27.0
Stripe_s005,26.55,26.38,52.01,0.18,25.45
Stripe_s005,25.98,25.34,54.92,0.64,28.94
Stripe_s005,26.14,25.35,52.68,0.79,26.54
Stripe_s005,26.38,26.64,52.59,0.26,26.21
Stripe_s005,26.37,26.55,53.97,0.17,27.6
Stripe_s005,25.43,26.02,51.08,0.59,25.65
Stripe_s005,26.67,26.01,51.35,0.66,24.69
Stripe_s005,26.34,27.42,53.47,1.08,27.13
Stripe_s005,26.1,26.21,53.48,0.11,27.38
Stripe_s005,26.69,26.29,53.97,0.4,27.27
Stripe_s005,26.84,26.23,54.7,0.6,27.86
Stripe_s005,26.48,25.89,52.45,0.59,25.97
Stripe_s005,26.5,26.04,50.23,0.46,23.73
Stripe_s005,26.62,26.07,53.4,0.56,26.78
Stripe_s005,26.26,25.87,53.61,0.39,27.35
Stripe_s005,26.7,28.08,53.41,1.38,26.71
Stripe_s005,26.46,29.05,54.96,2.59,28.5
Stripe_s005,25.5,25.75,54.06,0.25,28.57
Stripe_s005,26.86,25.74,54.66,1.13,27.8
Stripe_s005,25.77,25.91,54.42,0.14,28.65
Stripe_s005,26.72,26.8,53.38,0.08,26.66
Stripe_s005,26.51,25.72,53.4,0.79,26.89
Stripe_s005,26.05,28.21,52.52,2.16,26.47
Stripe_s005,26.27,26.74,53.62,0.47,27.35
Stripe_s005,26.3,27.25,52.27,0.95,25.97
Stripe_s005,26.53,26.3,53.54,0.24,27.01
Stripe_s005,26.25,25.81,53.47,0.44,27.22
Stripe_s005,27.0,25.97,53.49,1.03,26.49
Stripe_s005,26.39,25.86,54.66,0.53,28.27
Stripe_s005,25.99,27.58,53.49,1.59,27.51
Stripe_s005,26.71,26.08,51.64,0.63,24.92
Stripe_s005,25.82,25.83,52.55,0.01,26.73
Stripe_s005,26.59,26.14,53.76,0.46,27.17
Stripe_s005,26.18,25.5,54.09,0.68,27.91
Stripe_s005,26.39,27.03,52.37,0.64,25.98
Stripe_s005,25.86,26.19,52.93,0.32,27.06
Stripe_s005,26.08,25.63,54.07,0.45,27.99
Stripe_s005,26.53,26.53,54.48,0.0,27.95
Stripe_s005,26.19,25.97,54.01,0.22,27.82
Stripe_s005,26.06,26.34,52.6,0.27,26.54
Stripe_s005,25.88,26.01,51.08,0.14,25.2
Stripe_s005,26.38,25.88,54.71,0.5,28.33
Stripe_s005,26.12,25.57,54.09,0.55,27.98
Stripe_s005,26.29,26.62,51.69,0.33,25.4
Stripe_s005,26.43,29.33,54.19,2.9,27.76
Stripe_s005,26.08,26.25,54.98,0.17,28.9
Stripe_s005,26.16,25.85,54.24,0.31,28.08
Stripe_s005,26.4,25.93,52.93,0.47,26.53
Stripe_s005,26.85,25.87,52.76,0.97,25.91
Stripe_s005,26.05,26.07,46.52,0.02,20.47
Stripe_s005,26.53,25.55,52.83,0.99,26.29
Stripe_s005,26.3,28.09,50.45,1.79,24.16
Stripe_s005,26.68,26.22,52.53,0.46,25.84
Stripe_s005,26.13,25.76,52.81,0.37,26.68
Stripe_s005,26.53,25.82,54.49,0.71,27.97
Stripe_s005,26.05,26.18,52.81,0.13,26.76
Stripe_s005,25.99,25.74,53.99,0.25,28.0
Stripe_s005,26.86,25.82,53.35,1.03,26.49
Stripe_s005,26.45,25.87,53.02,0.58,26.57
Stripe_s005,26.53,25.84,54.15,0.7,27.62
Stripe_s005,26.3,30.18,55.39,3.87,29.09
Stripe_s005,26.42,25.99,54.94,0.43,28.52
Stripe_s005,26.27,26.14,54.8,0.13,28.53
Stripe_s005,26.02,25.81,51.24,0.21,25.22
Stripe_s005,25.78,25.91,53.08,0.13,27.3
Stripe_s005,25.73,25.94,53.17,0.21,27.44
Stripe_s005,26.6,26.71,54.85,0.1,28.25
Stripe_s005,26.01,28.11,54.16,2.09,28.14
Stripe_s005,26.25,25.9,54.13,0.35,27.88
Stripe_s005,27.05,27.09,54.03,0.04,26.98
Stripe_s005,26.47,26.15,54.61,0.32,28.13
Stripe_s005,26.88,26.49,53.97,0.39,27.1
Stripe_s005,25.93,25.75,50.8,0.18,24.87
Stripe_s005,26.79,25.71,53.53,1.08,26.74
Stripe_s005,26.57,27.49,54.65,0.93,28.09
Stripe_s005,26.19,26.07,53.4,0.13,27.2
Stripe_s005,26.18,27.14,55.02,0.96,28.84
Stripe_s005,26.98,26.14,53.62,0.84,26.64
Stripe_s005,26.43,26.35,52.85,0.08,26.42
Stripe_s005,25.96,27.88,54.1,1.92,28.14
Stripe_s005,25.88,25.64,55.56,0.25,29.67
Stripe_s005,26.24,25.69,53.77,0.56,27.52
Stripe_s005,26.58,28.54,52.86,1.95,26.27
Stripe_s005,26.43,27.0,54.72,0.57,28.3
Stripe_s005,25.8,26.14,54.27,0.34,28.46
Stripe_s005,26.49,25.94,55.44,0.54,28.95
Stripe_s005,26.2,28.24,55.5,2.04,29.29
Stripe_s005,26.33,27.33,54.02,1.0,27.69
Stripe_s005,25.92,28.39,52.21,2.47,26.29
Stripe_s005,26.61,27.47,50.83,0.86,24.22
Stripe_s005,26.16,19.84,55.71,6.32,29.55
Stripe_s005,26.03,26.18,53.83,0.15,27.81
Stripe_s005,26.11,25.73,53.73,0.38,27.62
Stripe_s005,26.04,26.03,52.77,0.01,26.73
Stripe_s005,26.62,26.53,53.37,0.1,26.75
Stripe_s005,26.69,26.79,52.93,0.1,26.24
Stripe_s005,26.01,25.9,53.33,0.1,27.32
Stripe_s005,26.29,26.29,42.93,0.0,16.64
Stripe_s005,26.2,25.69,55.34,0.51,29.13
Stripe_s005,26.89,26.32,54.07,0.57,27.18
Stripe_s005,26.62,26.29,53.68,0.32,27.07
Stripe_s005,26.21,26.79,55.17,0.58,28.96
Stripe_s005,26.35,27.24,53.15,0.88,26.8
Stripe_s005,26.51,25.98,52.95,0.53,26.44
Stripe_s005,26.14,26.1,52.36,0.04,26.23
Stripe_s005,26.34,26.2,54.23,0.14,27.88
Stripe_s005,26.36,28.83,54.16,2.47,27.8
Stripe_s005,26.24,25.79,52.4,0.45,26.16
Stripe_s005,26.19,25.82,52.69,0.36,26.5
Stripe_s005,26.72,26.73,54.05,0.01,27.33
Stripe_s005,27.01,25.98,54.08,1.03,27.07
Stripe_s005,26.39,27.3,53.53,0.91,27.14
Stripe_s005,26.48,26.73,53.01,0.25,26.53
Stripe_s005,26.62,26.13,54.86,0.49,28.24
Stripe_s005,25.89,26.49,53.07,0.6,27.17
Stripe_s005,25.86,29.25,52.56,3.39,26.7
Stripe_s005,26.06,25.81,49.06,0.24,23.01
Stripe_s005,26.26,26.07,54.71,0.2,28.45
Stripe_s005,26.55,26.11,52.43,0.44,25.88
Stripe_s005,26.32,25.86,51.77,0.46,25.45
Stripe_s005,26.72,26.29,52.74,0.44,26.02
Stripe_s005,26.15,25.78,54.82,0.37,28.67
Stripe_s005,25.83,26.39,52.99,0.55,27.16
Stripe_s005,26.43,25.7,53.66,0.73,27.24
Stripe_s005,26.24,28.66,52.07,2.43,25.83
Stripe_s005,25.78,27.13,52.84,1.35,27.06
Stripe_s005,26.27,25.97,54.27,0.3,28.0
Stripe_s005,26.92,26.52,54.53,0.4,27.61
Stripe_s005,25.96,30.63,55.07,4.68,29.11
Stripe_s005,25.86,26.15,51.4,0.29,25.54
Stripe_s005,26.07,26.0,54.56,0.07,28.5
Stripe_s005,25.99,25.76,52.99,0.23,27.0
Stripe_s005,26.24,29.73,49.87,3.49,23.63
Stripe_s005,25.95,26.26,52.83,0.31,26.88
Stripe_s005,26.19,28.53,54.05,2.34,27.86
Stripe_s005,26.1,25.78,51.93,0.32,25.83
Stripe_s005,26.49,26.47,54.24,0.02,27.74
Stripe_s005,26.15,25.66,55.15,0.5,29.0
Stripe_s005,25.89,27.97,54.61,2.08,28.71
Stripe_s005,26.02,26.69,54.11,0.67,28.09
Stripe_s005,26.21,26.55,52.99,0.34,26.78
Stripe_s005,26.06,25.83,52.89,0.22,26.83
Stripe_s005,26.31,26.0,54.13,0.31,27.82
Stripe_s005,26.48,26.45,51.47,0.03,24.98
Stripe_s005,26.39,26.03,54.03,0.36,27.65
Stripe_s005,26.25,25.91,53.17,0.35,26.92
Stripe_s005,26.49,31.65,54.32,5.15,27.83
Stripe_s005,26.44,26.24,54.97,0.19,28.53
Stripe_s005,25.96,31.15,51.11,5.2,25.15
Stripe_s005,25.59,25.8,53.48,0.21,27.89
Stripe_s005,26.04,26.01,53.72,0.03,27.68
Stripe_s005,26.3,32.39,55.9,6.09,29.6
Stripe_s005,26.33,26.17,52.74,0.16,26.41
Stripe_s005,26.18,25.75,52.89,0.43,26.72
Stripe_s005,26.44,25.81,54.16,0.63,27.73
Stripe_s005,26.24,27.6,52.4,1.36,26.16
Stripe_s005,26.27,25.68,54.94,0.59,28.67
Stripe_s005,26.29,26.18,54.48,0.1,28.2
Stripe_s005,26.57,27.87,54.08,1.31,27.52
Stripe_s005,26.21,25.57,54.84,0.63,28.64
Stripe_s005,26.33,28.64,55.69,2.31,29.36
Stripe_s005,26.31,28.81,54.92,2.5,28.62
Stripe_s005,26.54,30.71,55.08,4.18,28.54
Stripe_s005,26.26,26.35,54.05,0.09,27.8
Stripe_s005,26.1,25.85,52.08,0.25,25.98
Stripe_s005,26.33,25.77,53.03,0.56,26.71
Stripe_s005,25.92,26.44,51.89,0.52,25.98
Stripe_s005,25.92,26.16,54.41,0.24,28.49
Stripe_s005,26.08,26.43,54.24,0.35,28.16
Stripe_s005,26.61,26.71,53.6,0.1,26.99
Stripe_s005,25.91,25.19,53.75,0.72,27.84
Stripe_s005,26.8,26.06,54.91,0.74,28.11
Stripe_s005,26.07,26.2,54.83,0.12,28.76
Stripe_s005,26.04,26.62,52.06,0.58,26.02
Stripe_s005,25.74,25.71,54.85,0.02,29.11
Stripe_s005,26.08,25.95,54.59,0.13,28.51
Stripe_s005,26.1,26.67,53.31,0.56,27.2
Stripe_s005,26.6,27.09,53.38,0.49,26.78
Stripe_s005,26.38,26.66,51.18,0.28,24.8
Stripe_s005,25.56,25.47,54.09,0.09,28.53
Stripe_s005,26.24,26.27,54.74,0.03,28.5
Stripe_s005,26.32,26.68,51.61,0.36,25.29
Stripe_s005,26.01,26.24,49.78,0.23,23.77
Stripe_s005,26.14,28.15,53.34,2.0,27.2
Stripe_s005,25.95,26.03,53.8,0.07,27.85
Stripe_s005,26.59,26.07,51.44,0.52,24.85
Stripe_s005,26.76,25.77,53.22,0.98,26.47
Stripe_s005,26.52,26.78,53.41,0.26,26.89
Stripe_s005,26.4,27.19,54.62,0.79,28.22
Stripe_s005,26.54,25.79,53.27,0.75,26.73
Stripe_s005,26.53,29.01,52.1,2.48,25.57
Stripe_s005,26.55,29.01,54.91,2.46,28.37
Stripe_s005,26.49,30.92,52.22,4.43,25.74
Stripe_s005,26.08,25.87,52.74,0.21,26.66
Stripe_s005,26.57,26.31,52.16,0.26,25.59
Stripe_s005,26.16,26.59,53.81,0.43,27.65
Stripe_s005,26.56,33.39,54.45,6.84,27.9
Stripe_s005,26.32,24.91,56.34,1.41,30.03
Stripe_s005,26.38,26.83,53.14,0.45,26.76
Stripe_s005,26.34,25.52,54.68,0.82,28.34
Stripe_s005,25.66,27.06,53.0,1.4,27.34
Stripe_s005,26.54,26.46,54.53,0.08,27.99
Stripe_s005,26.05,25.89,54.89,0.16,28.84
Stripe_s005,26.04,30.2,54.34,4.16,28.31
Stripe_s005,26.34,26.13,52.97,0.21,26.64
Stripe_s005,26.6,27.66,53.37,1.06,26.76
Stripe_s005,26.98,26.76,51.08,0.22,24.11
Stripe_s005,26.51,26.49,53.76,0.02,27.25
Stripe_s005,26.35,27.94,54.76,1.59,28.41
Stripe_s005,26.42,30.33,53.09,3.91,26.66
Stripe_s005,26.16,25.76,53.05,0.4,26.89
Stripe_s005,26.27,26.17,52.74,0.09,26.48
Stripe_s005,26.72,25.54,54.49,1.18,27.77
Stripe_s005,25.94,27.44,51.66,1.5,25.71
Stripe_s005,26.11,25.97,54.19,0.14,28.09
Stripe_s005,25.86,25.26,54.49,0.6,28.63
Stripe_s005,26.45,26.1,53.56,0.35,27.11
Stripe_s005,26.28,26.68,53.13,0.4,26.85
Stripe_s005,26.88,27.71,52.09,0.83,25.2
Stripe_s005,26.37,25.85,55.03,0.52,28.66
Stripe_s005,26.1,26.55,53.62,0.45,27.52
Stripe_s005,26.45,29.68,55.22,3.23,28.77
Stripe_s005,26.58,25.73,53.55,0.86,26.97
Stripe_s005,26.29,27.23,53.58,0.94,27.29
Stripe_s005,26.31,27.18,52.94,0.86,26.63
Stripe_s005,26.25,26.13,53.03,0.11,26.78
Stripe_s005,26.02,26.16,51.15,0.14,25.12
Stripe_s005,26.75,32.46,52.62,5.71,25.87
Stripe_s005,26.35,26.22,51.55,0.13,25.2
Stripe_s005,25.92,26.32,53.26,0.39,27.34
Stripe_s005,26.43,29.76,49.89,3.34,23.47
Stripe_s005,26.26,25.7,52.63,0.56,26.37
Stripe_s005,26.4,26.01,53.8,0.38,27.41
Stripe_s005,26.25,26.21,53.96,0.04,27.71
Stripe_s005,27.07,29.22,52.41,2.15,25.34
Stripe_s005,26.02,25.37,53.59,0.65,27.57
Stripe_s005,26.38,26.17,53.93,0.2,27.55
Stripe_s005,25.92,25.78,54.6,0.13,28.68
Stripe_s005,25.68,25.82,53.59,0.14,27.91
Stripe_s005,25.85,25.67,55.22,0.17,29.37
Stripe_s005,26.37,26.55,49.16,0.17,22.79
Stripe_s005,26.43,27.18,52.58,0.75,26.14
Stripe_s005,26.13,26.8,52.51,0.67,26.39
Stripe_s005,26.4,26.1,55.08,0.31,28.68
Stripe_s005,26.21,25.35,53.48,0.87,27.26
Stripe_s005,25.72,26.01,54.83,0.29,29.11
Stripe_s005,26.35,26.58,52.69,0.23,26.34
Stripe_s005,25.7,26.32,55.23,0.62,29.53
Stripe_s005,26.7,27.64,53.87,0.93,27.17
Stripe_s005,26.81,26.23,53.39,0.58,26.58
Stripe_s005,26.2,26.46,53.43,0.26,27.23
Stripe_s005,26.45,25.99,53.71,0.46,27.26
Stripe_s005,26.12,25.72,52.8,0.4,26.68
Stripe_s005,26.07,25.98,53.62,0.1,27.55
Stripe_s005,25.85,26.19,53.14,0.33,27.28
Stripe_s005,26.71,26.04,52.14,0.67,25.44
Stripe_s005,25.74,25.41,54.2,0.33,28.46
Stripe_s005,26.21,25.77,54.42,0.44,28.21
Stripe_s005,26.01,25.96,52.13,0.05,26.12
Stripe_s005,26.5,26.59,52.77,0.09,26.28
Stripe_s005,25.92,25.79,51.25,0.13,25.33
Stripe_s005,26.55,26.64,53.5,0.09,26.95
Stripe_s005,25.82,27.17,51.66,1.35,25.84
Stripe_s005,26.37,25.89,53.74,0.48,27.37
Stripe_s005,26.23,25.87,54.18,0.36,27.95
Stripe_s005,26.41,26.26,51.98,0.14,25.57
Stripe_s005,26.66,25.51,51.66,1.14,25.01
Stripe_s005,26.56,26.33,53.8,0.23,27.23
Stripe_s005,25.81,25.77,53.63,0.04,27.83
Stripe_s005,26.21,25.26,53.58,0.95,27.37
Stripe_s005,25.99,26.19,52.17,0.19,26.17
Stripe_s005,26.15,26.1,53.85,0.06,27.69
Stripe_s005,26.09,28.47,52.44,2.38,26.35
Stripe_s005,26.43,26.56,52.71,0.13,26.28
Stripe_s005,26.43,29.52,54.31,3.09,27.88
Stripe_s005,25.59,26.44,51.96,0.86,26.37
Stripe_s005,26.38,26.87,53.91,0.49,27.53
Stripe_s005,26.37,26.18,53.5,0.19,27.12
Stripe_s005,25.75,24.15,55.12,1.59,29.37
Stripe_s005,25.94,25.95,54.41,0.01,28.47
Stripe_s005,26.21,25.23,55.04,0.98,28.83
Stripe_s005,26.09,26.33,53.0,0.24,26.91
Stripe_s005,26.25,25.69,55.76,0.56,29.51
Stripe_s005,26.36,25.95,52.95,0.41,26.6
Stripe_s005,25.94,26.02,54.05,0.08,28.12
Stripe_s005,26.59,34.22,52.15,7.64,25.56
Stripe_s005,26.36,26.07,53.77,0.29,27.41
Stripe_s005,26.54,25.62,53.75,0.92,27.21
Stripe_s005,26.43,25.22,52.69,1.21,26.26
Stripe_s005,26.05,26.4,47.88,0.35,21.84
Stripe_s005,25.93,26.11,54.86,0.18,28.92
Stripe_s005,25.95,26.01,51.45,0.06,25.5
Stripe_s005,26.03,26.87,53.18,0.84,27.14
Stripe_s005,26.13,25.92,52.16,0.21,26.03
Stripe_s005,25.85,32.85,54.3,7.0,28.45
Stripe_s005,27.0,29.77,46.87,2.77,19.87
Stripe_s005,26.54,26.58,53.03,0.04,26.49
Stripe_s005,25.56,26.44,54.15,0.88,28.58
Stripe_s005,26.35,25.63,54.8,0.72,28.45
Stripe_s005,26.29,25.71,54.19,0.58,27.9
Stripe_s005,26.47,26.77,50.59,0.3,24.12
Stripe_s005,26.28,25.8,54.31,0.48,28.03
Stripe_s005,25.98,26.74,53.81,0.76,27.83
Stripe_s005,25.95,29.12,52.32,3.18,26.37
Stripe_s005,25.98,25.8,53.81,0.18,27.83
Stripe_s005,26.55,26.57,53.92,0.03,27.37
Stripe_s005,26.68,25.91,53.25,0.77,26.57
Stripe_s005,26.43,25.83,53.19,0.6,26.76
Stripe_s005,26.11,26.25,51.35,0.14,25.24
Stripe_s005,26.23,27.51,54.4,1.28,28.17
Stripe_s005,26.78,25.84,53.32,0.94,26.54
Stripe_s005,26.39,27.08,53.12,0.68,26.73
Stripe_s005,26.12,25.65,54.43,0.47,28.31
Stripe_s005,25.81,26.96,51.72,1.15,25.91
Stripe_s005,26.2,25.81,54.09,0.39,27.89
Stripe_s005,25.61,31.28,53.8,5.67,28.19
Stripe_s005,26.06,25.52,54.25,0.55,28.19
Stripe_s005,26.46,29.43,53.6,2.97,27.13
Stripe_s005,26.47,26.22,54.58,0.26,28.1
Stripe_s005,26.63,25.69,51.94,0.94,25.31
Stripe_s005,26.44,23.87,52.94,2.56,26.51
Stripe_s005,25.88,26.07,52.45,0.19,26.58
Stripe_s005,25.63,26.5,55.1,0.87,29.46
Stripe_s005,26.19,26.8,51.56,0.61,25.37
Stripe_s005,27.01,26.8,52.9,0.21,25.89
Stripe_s005,25.9,26.5,53.68,0.6,27.78
Stripe_s005,26.24,26.16,54.12,0.08,27.88
Stripe_s005,26.64,26.95,51.63,0.3,24.98
Stripe_s005,26.13,26.32,52.07,0.19,25.94
Stripe_s005,26.78,26.3,51.84,0.48,25.06
Stripe_s005,26.83,26.76,53.85,0.07,27.02
Stripe_s005,25.91,25.5,52.65,0.42,26.74
Stripe_s005,26.59,26.26,53.26,0.33,26.67
Stripe_s005,25.81,26.19,53.91,0.38,28.09
Stripe_s005,26.2,25.48,53.67,0.72,27.48
Stripe_s005,26.34,31.44,53.74,5.1,27.39
Stripe_s005,26.03,26.59,54.48,0.56,28.45
Stripe_s005,26.36,31.0,53.29,4.65,26.94
Stripe_s005,26.27,26.07,52.35,0.19,26.09
Stripe_s005,26.11,26.37,54.11,0.27,28.0
Stripe_s005,26.17,26.16,54.56,0.01,28.39
Stripe_s005,25.88,26.17,54.96,0.29,29.08
Stripe_s005,26.71,27.16,54.0,0.45,27.29
Stripe_s005,26.73,26.06,52.19,0.67,25.47
Stripe_s005,26.46,25.93,54.94,0.53,28.48
Stripe_s005,26.48,25.64,52.48,0.84,25.99
Stripe_s005,26.23,26.33,54.02,0.1,27.8
Stripe_s005,26.5,26.06,54.41,0.44,27.91
Stripe_s005,26.31,25.87,51.09,0.44,24.78
Stripe_s005,26.36,25.76,54.18,0.6,27.81
SaltPepper_p002,21.07,21.84,14.66,0.78,6.41
SaltPepper_p002,22.22,21.93,14.66,0.3,7.56
SaltPepper_p002,21.43,21.59,14.66,0.16,6.77
SaltPepper_p002,21.5,20.9,14.66,0.6,6.84
SaltPepper_p002,21.88,22.3,14.66,0.42,7.22
SaltPepper_p002,22.06,21.76,14.66,0.3,7.4
SaltPepper_p002,21.81,22.16,14.66,0.34,7.15
SaltPepper_p002,21.34,21.46,14.66,0.13,6.68
SaltPepper_p002,22.34,21.76,14.66,0.59,7.68
SaltPepper_p002,22.53,22.23,14.66,0.29,7.87
SaltPepper_p002,21.9,21.94,14.66,0.04,7.24
SaltPepper_p002,21.9,21.26,14.66,0.64,7.24
SaltPepper_p002,22.85,23.96,14.66,1.11,8.19
SaltPepper_p002,21.75,21.97,14.66,0.21,7.09
SaltPepper_p002,21.99,21.89,14.66,0.1,7.33
SaltPepper_p002,22.66,22.61,14.66,0.04,8.0
SaltPepper_p002,21.42,21.8,14.66,0.38,6.76
SaltPepper_p002,21.4,21.1,14.66,0.3,6.74
SaltPepper_p002,21.43,20.64,14.66,0.79,6.77
SaltPepper_p002,22.2,21.5,14.66,0.71,7.54
SaltPepper_p002,22.47,22.47,14.66,0.01,7.81
SaltPepper_p002,21.71,20.74,14.66,0.97,7.05
SaltPepper_p002,22.35,24.05,14.66,1.7,7.69
SaltPepper_p002,21.93,21.36,14.66,0.57,7.27
SaltPepper_p002,22.19,22.82,14.66,0.64,7.53
SaltPepper_p002,22.46,21.75,14.66,0.72,7.8
SaltPepper_p002,22.26,21.59,14.66,0.67,7.6
SaltPepper_p002,22.34,21.41,14.66,0.92,7.68
SaltPepper_p002,22.62,22.84,14.66,0.22,7.96
SaltPepper_p002,22.66,22.58,14.66,0.07,8.0
SaltPepper_p002,21.43,21.85,14.66,0.43,6.77
SaltPepper_p002,22.03,22.33,14.66,0.3,7.37
SaltPepper_p002,22.21,21.84,14.66,0.37,7.55
SaltPepper_p002,22.23,21.71,14.66,0.52,7.57
SaltPepper_p002,22.59,22.26,14.66,0.33,7.93
SaltPepper_p002,21.94,21.83,14.66,0.11,7.28
SaltPepper_p002,21.49,21.64,14.66,0.15,6.83
SaltPepper_p002,21.03,22.63,14.66,1.6,6.37
SaltPepper_p002,21.91,21.83,14.66,0.08,7.25
SaltPepper_p002,23.07,22.61,14.66,0.46,8.41
SaltPepper_p002,21.66,21.17,14.66,0.49,7.0
SaltPepper_p002,22.14,21.61,14.66,0.52,7.48
SaltPepper_p002,22.57,22.75,14.66,0.18,7.91
SaltPepper_p002,21.68,21.04,14.66,0.65,7.02
SaltPepper_p002,21.2,21.0,14.66,0.2,6.54
SaltPepper_p002,21.04,21.4,14.66,0.36,6.38
SaltPepper_p002,22.42,20.73,14.66,1.69,7.76
SaltPepper_p002,23.81,23.25,14.66,0.56,9.15
SaltPepper_p002,21.43,20.56,14.66,0.87,6.77
SaltPepper_p002,22.79,23.35,14.66,0.56,8.13
SaltPepper_p002,22.01,21.61,14.66,0.4,7.35
SaltPepper_p002,21.46,21.48,14.66,0.02,6.8
SaltPepper_p002,21.6,22.01,14.66,0.41,6.94
SaltPepper_p002,22.88,22.37,14.66,0.51,8.22
SaltPepper_p002,22.59,22.21,14.66,0.38,7.93
SaltPepper_p002,22.42,22.15,14.66,0.27,7.76
SaltPepper_p002,21.66,20.45,14.66,1.22,7.0
SaltPepper_p002,22.45,22.89,14.66,0.44,7.79
SaltPepper_p002,21.88,21.98,14.66,0.1,7.22
SaltPepper_p002,23.03,23.86,14.66,0.83,8.37
SaltPepper_p002,22.12,21.64,14.66,0.48,7.46
SaltPepper_p002,22.65,21.38,14.66,1.27,7.99
SaltPepper_p002,21.73,20.82,14.66,0.91,7.07
SaltPepper_p002,21.49,21.76,14.66,0.26,6.83
SaltPepper_p002,21.92,20.94,14.66,0.98,7.26
SaltPepper_p002,21.57,21.57,14.66,0.01,6.91
SaltPepper_p002,22.39,21.73,14.66,0.66,7.73
SaltPepper_p002,22.01,21.62,14.66,0.38,7.35
SaltPepper_p002,21.64,21.69,14.66,0.05,6.98
SaltPepper_p002,22.22,22.02,14.66,0.2,7.56
SaltPepper_p002,21.85,21.83,14.66,0.02,7.19
SaltPepper_p002,21.71,21.04,14.66,0.67,7.05
SaltPepper_p002,23.29,22.96,14.66,0.33,8.63
SaltPepper_p002,22.42,23.08,14.66,0.66,7.76
SaltPepper_p002,22.72,22.25,14.66,0.47,8.06
SaltPepper_p002,21.6,21.0,14.66,0.6,6.94
SaltPepper_p002,23.59,22.15,14.66,1.44,8.93
SaltPepper_p002,22.15,21.66,14.66,0.49,7.49
SaltPepper_p002,21.42,21.18,14.66,0.24,6.76
SaltPepper_p002,22.44,21.69,14.66,0.75,7.78
SaltPepper_p002,22.42,21.66,14.66,0.77,7.76
SaltPepper_p002,22.18,22.36,14.66,0.19,7.52
SaltPepper_p002,21.88,21.73,14.66,0.15,7.22
SaltPepper_p002,21.06,21.17,14.66,0.1,6.4
SaltPepper_p002,22.96,21.88,14.66,1.08,8.3
SaltPepper_p002,22.51,21.66,14.66,0.86,7.85
SaltPepper_p002,22.58,21.47,14.66,1.12,7.92
SaltPepper_p002,22.41,22.42,14.66,0.01,7.75
SaltPepper_p002,22.01,22.21,14.66,0.2,7.35
SaltPepper_p002,22.85,22.96,14.66,0.11,8.19
SaltPepper_p002,21.99,21.92,14.66,0.07,7.33
SaltPepper_p002,22.44,21.95,14.66,0.5,7.78
SaltPepper_p002,21.66,21.67,14.66,0.0,7.0
SaltPepper_p002,22.56,22.77,14.66,0.21,7.9
SaltPepper_p002,21.69,20.67,14.66,1.02,7.03
SaltPepper_p002,21.29,21.07,14.66,0.22,6.63
SaltPepper_p002,21.64,21.24,14.66,0.41,6.98
SaltPepper_p002,21.16,21.04,14.66,0.12,6.5
SaltPepper_p002,21.72,21.18,14.66,0.54,7.06
SaltPepper_p002,21.94,23.06,14.66,1.12,7.28
SaltPepper_p002,20.85,21.0,14.66,0.15,6.19
SaltPepper_p002,22.49,22.32,14.66,0.16,7.83
SaltPepper_p002,22.14,22.22,14.66,0.09,7.48
SaltPepper_p002,21.79,20.79,14.66,1.0,7.13
SaltPepper_p002,21.92,21.66,14.66,0.26,7.27
SaltPepper_p002,22.53,22.35,14.66,0.18,7.87
SaltPepper_p002,21.91,22.0,14.66,0.1,7.25
SaltPepper_p002,21.72,21.91,14.66,0.19,7.06
SaltPepper_p002,21.7,21.69,14.66,0.01,7.04
SaltPepper_p002,22.7,22.42,14.66,0.28,8.04
SaltPepper_p002,21.18,22.06,14.66,0.88,6.52
SaltPepper_p002,20.74,21.35,14.66,0.61,6.08
SaltPepper_p002,22.54,21.54,14.66,1.0,7.88
SaltPepper_p002,21.65,22.01,14.66,0.37,6.99
SaltPepper_p002,22.21,22.62,14.66,0.41,7.55
SaltPepper_p002,22.86,21.99,14.66,0.87,8.2
SaltPepper_p002,21.64,20.76,14.66,0.88,6.98
SaltPepper_p002,22.27,21.96,14.66,0.31,7.61
SaltPepper_p002,21.52,20.63,14.66,0.89,6.86
SaltPepper_p002,22.44,22.21,14.66,0.23,7.78
SaltPepper_p002,21.87,21.43,14.66,0.43,7.21
SaltPepper_p002,21.97,21.83,14.66,0.13,7.31
SaltPepper_p002,21.61,21.56,14.66,0.05,6.95
SaltPepper_p002,21.4,21.22,14.66,0.18,6.74
SaltPepper_p002,22.48,21.84,14.66,0.64,7.82
SaltPepper_p002,21.28,20.84,14.66,0.44,6.62
SaltPepper_p002,21.56,21.4,14.66,0.17,6.9
SaltPepper_p002,21.82,21.91,14.66,0.09,7.16
SaltPepper_p002,22.32,21.3,14.66,1.02,7.66
SaltPepper_p002,22.12,21.78,14.66,0.34,7.46
SaltPepper_p002,22.22,22.26,14.66,0.04,7.56
SaltPepper_p002,21.77,20.98,14.66,0.78,7.11
SaltPepper_p002,23.39,21.7,14.66,1.69,8.73
SaltPepper_p002,22.49,22.09,14.66,0.39,7.83
SaltPepper_p002,21.55,21.03,14.66,0.52,6.89
SaltPepper_p002,21.71,20.98,14.66,0.73,7.05
SaltPepper_p002,21.96,21.2,14.66,0.75,7.3
SaltPepper_p002,21.33,21.46,14.66,0.13,6.67
SaltPepper_p002,21.08,21.24,14.66,0.16,6.42
SaltPepper_p002,22.62,22.43,14.66,0.19,7.96
SaltPepper_p002,22.18,21.39,14.66,0.78,7.52
SaltPepper_p002,22.58,21.35,14.66,1.23,7.92
SaltPepper_p002,21.7,21.82,14.66,0.12,7.04
SaltPepper_p002,22.43,21.52,14.66,0.91,7.77
SaltPepper_p002,23.33,23.65,14.66,0.32,8.67
SaltPepper_p002,21.54,21.61,14.66,0.08,6.88
SaltPepper_p002,21.66,21.4,14.66,0.26,7.0
SaltPepper_p002,22.25,22.73,14.66,0.48,7.59
SaltPepper_p002,22.28,21.68,14.66,0.6,7.62
SaltPepper_p002,22.55,21.92,14.66,0.64,7.89
SaltPepper_p002,21.38,20.9,14.66,0.47,6.72
SaltPepper_p002,20.76,20.64,14.66,0.12,6.1
SaltPepper_p002,21.03,20.9,14.66,0.13,6.37
SaltPepper_p002,23.2,21.32,14.66,1.88,8.54
SaltPepper_p002,23.1,22.68,14.66,0.42,8.44
SaltPepper_p002,22.47,21.68,14.66,0.79,7.81
SaltPepper_p002,22.33,21.75,14.66,0.57,7.67
SaltPepper_p002,21.9,21.11,14.66,0.8,7.24
SaltPepper_p002,22.84,22.1,14.66,0.74,8.18
SaltPepper_p002,21.39,21.75,14.66,0.36,6.73
SaltPepper_p002,21.47,20.96,14.66,0.51,6.81
SaltPepper_p002,21.47,20.9,14.66,0.56,6.81
SaltPepper_p002,22.1,21.26,14.66,0.84,7.44
SaltPepper_p002,21.19,21.2,14.66,0.01,6.53
SaltPepper_p002,22.02,21.56,14.66,0.45,7.36
SaltPepper_p002,21.99,21.1,14.66,0.88,7.33
SaltPepper_p002,22.16,21.9,14.66,0.26,7.5
SaltPepper_p002,23.0,22.27,14.66,0.73,8.34
SaltPepper_p002,22.2,21.24,14.66,0.95,7.54
SaltPepper_p002,21.52,21.19,14.66,0.33,6.86
SaltPepper_p002,22.41,21.96,14.66,0.45,7.75
SaltPepper_p002,21.49,21.0,14.66,0.49,6.83
SaltPepper_p002,22.01,21.4,14.66,0.61,7.35
SaltPepper_p002,21.84,21.31,14.66,0.53,7.18
SaltPepper_p002,21.95,20.87,14.66,1.08,7.29
SaltPepper_p002,21.69,21.23,14.66,0.46,7.03
SaltPepper_p002,22.17,21.69,14.66,0.48,7.51
SaltPepper_p002,21.98,21.98,14.66,0.0,7.32
SaltPepper_p002,22.43,21.41,14.66,1.03,7.77
SaltPepper_p002,21.36,21.13,14.66,0.23,6.7
SaltPepper_p002,21.59,21.08,14.66,0.51,6.93
SaltPepper_p002,21.21,21.11,14.66,0.1,6.55
SaltPepper_p002,22.55,21.77,14.66,0.78,7.89
SaltPepper_p002,21.99,22.07,14.66,0.08,7.33
SaltPepper_p002,21.8,21.48,14.66,0.32,7.14
SaltPepper_p002,21.05,20.82,14.66,0.23,6.39
SaltPepper_p002,23.1,22.54,14.66,0.56,8.44
SaltPepper_p002,22.51,22.09,14.66,0.43,7.85
SaltPepper_p002,22.28,21.67,14.66,0.61,7.62
SaltPepper_p002,22.25,21.99,14.66,0.26,7.59
SaltPepper_p002,21.16,21.59,14.66,0.43,6.5
SaltPepper_p002,21.83,22.05,14.66,0.22,7.17
SaltPepper_p002,21.76,20.62,14.66,1.14,7.1
SaltPepper_p002,21.12,20.95,14.66,0.17,6.46
SaltPepper_p002,22.43,21.24,14.66,1.19,7.77
SaltPepper_p002,23.36,23.05,14.66,0.32,8.7
SaltPepper_p002,22.03,22.46,14.66,0.43,7.37
SaltPepper_p002,22.04,21.78,14.66,0.26,7.38
SaltPepper_p002,22.27,22.02,14.66,0.24,7.61
SaltPepper_p002,21.46,21.76,14.66,0.3,6.8
SaltPepper_p002,22.53,21.74,14.66,0.78,7.87
SaltPepper_p002,21.46,21.2,14.66,0.26,6.8
SaltPepper_p002,22.55,22.53,14.66,0.02,7.89
SaltPepper_p002,22.35,21.97,14.66,0.38,7.69
SaltPepper_p002,21.37,21.52,14.66,0.15,6.71
SaltPepper_p002,21.28,21.42,14.66,0.14,6.62
SaltPepper_p002,22.3,22.06,14.66,0.24,7.64
SaltPepper_p002,20.8,20.82,14.66,0.02,6.14
SaltPepper_p002,21.6,22.5,14.66,0.9,6.94
SaltPepper_p002,21.72,21.12,14.66,0.6,7.06
SaltPepper_p002,22.25,21.94,14.66,0.31,7.59
SaltPepper_p002,21.89,22.21,14.66,0.31,7.23
SaltPepper_p002,22.23,22.36,14.66,0.13,7.57
SaltPepper_p002,21.45,22.23,14.66,0.79,6.79
SaltPepper_p002,21.99,21.56,14.66,0.43,7.33
SaltPepper_p002,21.68,21.86,14.66,0.18,7.02
SaltPepper_p002,22.99,21.85,14.66,1.14,8.33
SaltPepper_p002,22.02,21.68,14.66,0.34,7.36
SaltPepper_p002,21.71,21.1,14.66,0.61,7.05
SaltPepper_p002,21.5,21.08,14.66,0.42,6.84
SaltPepper_p002,23.07,22.97,14.66,0.09,8.41
SaltPepper_p002,22.28,21.79,14.66,0.49,7.62
SaltPepper_p002,22.71,21.17,14.66,1.55,8.05
SaltPepper_p002,23.01,22.28,14.66,0.73,8.35
SaltPepper_p002,22.76,23.26,14.66,0.49,8.1
SaltPepper_p002,21.81,21.11,14.66,0.71,7.16
SaltPepper_p002,22.56,22.03,14.66,0.53,7.9
SaltPepper_p002,21.66,21.48,14.66,0.19,7.0
SaltPepper_p002,22.7,21.56,14.66,1.14,8.04
SaltPepper_p002,22.27,21.5,14.66,0.78,7.62
SaltPepper_p002,21.79,21.29,14.66,0.5,7.13
SaltPepper_p002,21.89,21.25,14.66,0.64,7.23
SaltPepper_p002,22.34,22.25,14.66,0.1,7.68
SaltPepper_p002,21.8,21.18,14.66,0.62,7.14
SaltPepper_p002,21.47,21.34,14.66,0.13,6.81
SaltPepper_p002,22.02,23.42,14.66,1.4,7.36
SaltPepper_p002,22.13,21.71,14.66,0.43,7.47
SaltPepper_p002,22.46,21.92,14.66,0.54,7.8
SaltPepper_p002,21.86,21.07,14.66,0.78,7.2
SaltPepper_p002,22.0,21.66,14.66,0.34,7.34
SaltPepper_p002,21.95,21.65,14.66,0.3,7.29
SaltPepper_p002,21.84,21.19,14.66,0.65,7.18
SaltPepper_p002,21.87,20.95,14.66,0.93,7.21
SaltPepper_p002,20.88,20.95,14.66,0.06,6.22
SaltPepper_p002,21.7,21.24,14.66,0.45,7.04
SaltPepper_p002,21.5,20.56,14.66,0.94,6.84
SaltPepper_p002,21.78,21.47,14.66,0.3,7.12
SaltPepper_p002,22.46,21.89,14.66,0.58,7.8
SaltPepper_p002,21.85,21.83,14.66,0.02,7.19
SaltPepper_p002,22.58,21.62,14.66,0.97,7.92
SaltPepper_p002,21.57,21.33,14.66,0.24,6.91
SaltPepper_p002,21.28,20.98,14.66,0.3,6.62
SaltPepper_p002,21.78,21.81,14.66,0.03,7.12
SaltPepper_p002,22.01,20.74,14.66,1.27,7.35
SaltPepper_p002,22.15,22.54,14.66,0.4,7.49
SaltPepper_p002,21.34,21.45,14.66,0.11,6.68
SaltPepper_p002,22.36,21.49,14.66,0.87,7.7
SaltPepper_p002,22.42,22.89,14.66,0.48,7.76
SaltPepper_p002,22.01,23.12,14.66,1.11,7.35
SaltPepper_p002,21.8,21.21,14.66,0.6,7.14
SaltPepper_p002,21.65,21.73,14.66,0.08,6.99
SaltPepper_p002,21.69,21.57,14.66,0.12,7.03
SaltPepper_p002,21.98,22.89,14.66,0.91,7.32
SaltPepper_p002,21.44,21.39,14.66,0.05,6.78
SaltPepper_p002,22.67,22.4,14.66,0.28,8.02
SaltPepper_p002,22.35,21.15,14.66,1.2,7.69
SaltPepper_p002,21.91,21.78,14.66,0.13,7.25
SaltPepper_p002,22.2,20.76,14.66,1.45,7.54
SaltPepper_p002,22.22,22.29,14.66,0.07,7.56
SaltPepper_p002,22.04,23.49,14.66,1.44,7.38
SaltPepper_p002,22.07,21.53,14.66,0.54,7.41
SaltPepper_p002,21.22,20.72,14.66,0.5,6.56
SaltPepper_p002,22.34,21.86,14.66,0.48,7.68
SaltPepper_p002,22.26,23.04,14.66,0.78,7.6
SaltPepper_p002,22.47,20.78,14.66,1.68,7.81
SaltPepper_p002,21.01,21.66,14.66,0.65,6.35
SaltPepper_p002,22.36,23.79,14.66,1.43,7.7
SaltPepper_p002,22.34,20.96,14.66,1.38,7.68
SaltPepper_p002,22.14,21.31,14.66,0.83,7.48
SaltPepper_p002,22.7,22.71,14.66,0.0,8.04
SaltPepper_p002,22.19,22.02,14.66,0.17,7.53
SaltPepper_p002,21.95,21.86,14.66,0.08,7.29
SaltPepper_p002,22.53,22.98,14.66,0.46,7.87
SaltPepper_p002,22.66,22.24,14.66,0.42,8.0
SaltPepper_p002,22.25,20.92,14.66,1.34,7.59
SaltPepper_p002,22.31,22.91,14.66,0.6,7.65
SaltPepper_p002,21.03,21.65,14.66,0.62,6.37
SaltPepper_p002,22.84,22.45,14.66,0.39,8.18
SaltPepper_p002,21.83,22.45,14.66,0.62,7.17
SaltPepper_p002,21.64,21.14,14.66,0.5,6.98
SaltPepper_p002,21.98,21.78,14.66,0.21,7.32
SaltPepper_p002,21.73,21.69,14.66,0.04,7.07
SaltPepper_p002,22.29,20.83,14.66,1.46,7.63
SaltPepper_p002,21.42,20.97,14.66,0.45,6.76
SaltPepper_p002,21.73,20.68,14.66,1.04,7.07
SaltPepper_p002,21.48,20.99,14.66,0.48,6.82
SaltPepper_p002,22.01,22.73,14.66,0.72,7.35
SaltPepper_p002,22.18,22.17,14.66,0.01,7.52
SaltPepper_p002,22.91,22.87,14.66,0.04,8.25
SaltPepper_p002,21.96,22.4,14.66,0.44,7.3
SaltPepper_p002,21.85,21.59,14.66,0.26,7.19
SaltPepper_p002,21.48,21.03,14.66,0.45,6.82
SaltPepper_p002,22.31,22.3,14.66,0.01,7.65
SaltPepper_p002,21.81,20.66,14.66,1.14,7.15
SaltPepper_p002,22.26,22.39,14.66,0.13,7.6
SaltPepper_p002,21.82,22.56,14.66,0.74,7.16
SaltPepper_p002,21.32,21.13,14.66,0.19,6.66
SaltPepper_p002,21.5,21.12,14.66,0.38,6.84
SaltPepper_p002,21.78,21.1,14.66,0.68,7.12
SaltPepper_p002,21.6,21.33,14.66,0.27,6.94
SaltPepper_p002,22.05,21.33,14.66,0.73,7.39
SaltPepper_p002,22.59,24.1,14.66,1.5,7.93
SaltPepper_p002,21.24,21.48,14.66,0.24,6.58
SaltPepper_p002,21.54,21.98,14.66,0.45,6.88
SaltPepper_p002,21.77,21.35,14.66,0.41,7.11
SaltPepper_p002,22.46,22.08,14.66,0.38,7.8
SaltPepper_p002,23.03,22.87,14.66,0.16,8.37
SaltPepper_p002,21.95,22.5,14.66,0.54,7.29
SaltPepper_p002,21.74,21.59,14.66,0.16,7.08
SaltPepper_p002,20.95,20.84,14.66,0.12,6.29
SaltPepper_p002,21.11,20.85,14.66,0.26,6.45
SaltPepper_p002,22.02,22.93,14.66,0.9,7.36
SaltPepper_p002,22.37,21.31,14.66,1.06,7.71
SaltPepper_p002,23.08,21.79,14.66,1.28,8.42
SaltPepper_p002,21.98,21.1,14.66,0.88,7.32
SaltPepper_p002,20.93,21.31,14.66,0.38,6.27
SaltPepper_p002,22.02,21.44,14.66,0.57,7.36
SaltPepper_p002,22.63,21.88,14.66,0.75,7.97
SaltPepper_p002,23.83,22.57,14.66,1.26,9.17
SaltPepper_p002,23.26,22.75,14.66,0.51,8.6
SaltPepper_p002,22.6,20.7,14.66,1.9,7.94
SaltPepper_p002,21.7,21.35,14.66,0.34,7.04
SaltPepper_p002,21.96,21.54,14.66,0.43,7.3
SaltPepper_p002,22.85,21.66,14.66,1.18,8.19
SaltPepper_p002,22.69,22.57,14.66,0.12,8.03
SaltPepper_p002,21.38,21.03,14.66,0.35,6.72
SaltPepper_p002,21.48,21.5,14.66,0.03,6.82
SaltPepper_p002,20.95,21.35,14.66,0.4,6.29
SaltPepper_p002,21.97,21.63,14.66,0.34,7.31
SaltPepper_p002,21.47,21.31,14.66,0.16,6.81
SaltPepper_p002,22.74,21.45,14.66,1.29,8.08
SaltPepper_p002,22.6,22.6,14.66,0.0,7.94
SaltPepper_p002,21.1,21.11,14.66,0.01,6.44
SaltPepper_p002,21.82,21.71,14.66,0.11,7.16
SaltPepper_p002,21.63,21.79,14.66,0.15,6.97
SaltPepper_p002,20.91,21.53,14.66,0.62,6.25
SaltPepper_p002,22.09,22.2,14.66,0.11,7.43
SaltPepper_p002,22.24,22.38,14.66,0.14,7.58
SaltPepper_p002,22.28,22.43,14.66,0.15,7.62
SaltPepper_p002,22.41,22.33,14.66,0.07,7.75
SaltPepper_p002,22.36,21.62,14.66,0.73,7.7
SaltPepper_p002,21.61,22.76,14.66,1.15,6.95
SaltPepper_p002,22.93,21.99,14.66,0.94,8.27
SaltPepper_p002,22.22,21.41,14.66,0.81,7.56
SaltPepper_p002,21.54,21.69,14.66,0.15,6.88
SaltPepper_p002,21.35,20.75,14.66,0.6,6.69
SaltPepper_p002,22.35,21.38,14.66,0.97,7.69
SaltPepper_p002,22.93,22.05,14.66,0.87,8.27
SaltPepper_p002,22.33,21.53,14.66,0.8,7.67
SaltPepper_p002,21.54,21.64,14.66,0.1,6.88
SaltPepper_p002,22.35,22.59,14.66,0.24,7.69
SaltPepper_p002,22.99,21.76,14.66,1.24,8.33
SaltPepper_p002,22.37,22.03,14.66,0.34,7.71
SaltPepper_p002,22.63,22.83,14.66,0.2,7.97
SaltPepper_p002,22.18,21.66,14.66,0.53,7.52
SaltPepper_p002,23.07,21.9,14.66,1.18,8.41
SaltPepper_p002,20.74,20.18,14.66,0.57,6.08
SaltPepper_p002,22.54,23.04,14.66,0.49,7.89
SaltPepper_p002,22.29,23.89,14.66,1.6,7.63
SaltPepper_p002,22.1,21.5,14.66,0.6,7.44
SaltPepper_p002,22.56,22.44,14.66,0.12,7.9
SaltPepper_p002,22.3,21.82,14.66,0.48,7.64
SaltPepper_p002,22.1,22.06,14.66,0.04,7.44
SaltPepper_p002,22.35,21.37,14.66,0.98,7.69
SaltPepper_p002,21.57,21.82,14.66,0.25,6.91
SaltPepper_p002,21.29,21.16,14.66,0.12,6.63
SaltPepper_p002,22.47,23.56,14.66,1.09,7.81
SaltPepper_p002,22.08,22.21,14.66,0.13,7.42
SaltPepper_p002,21.81,21.75,14.66,0.06,7.15
SaltPepper_p002,21.84,21.73,14.66,0.11,7.18
SaltPepper_p002,21.78,20.6,14.66,1.18,7.12
SaltPepper_p002,21.79,21.54,14.66,0.25,7.13
SaltPepper_p002,22.48,22.02,14.66,0.45,7.82
SaltPepper_p002,21.9,21.67,14.66,0.23,7.24
SaltPepper_p002,21.25,21.47,14.66,0.22,6.59
SaltPepper_p002,21.83,21.91,14.66,0.07,7.17
SaltPepper_p002,21.68,20.76,14.66,0.92,7.02
SaltPepper_p002,21.76,22.48,14.66,0.72,7.1
SaltPepper_p002,23.01,21.98,14.66,1.02,8.35
SaltPepper_p002,21.15,20.6,14.66,0.55,6.49
SaltPepper_p002,22.04,22.13,14.66,0.08,7.38
SaltPepper_p002,21.67,21.12,14.66,0.55,7.01
SaltPepper_p002,22.12,21.98,14.66,0.14,7.46
SaltPepper_p002,22.44,21.78,14.66,0.67,7.78
SaltPepper_p002,21.43,21.54,14.66,0.11,6.77
SaltPepper_p002,22.28,21.21,14.66,1.07,7.62
SaltPepper_p002,22.58,21.74,14.66,0.84,7.92
SaltPepper_p002,22.43,23.42,14.66,0.99,7.77
SaltPepper_p002,22.26,22.23,14.66,0.03,7.6
SaltPepper_p002,21.07,21.18,14.66,0.1,6.41
SaltPepper_p002,21.31,21.16,14.66,0.15,6.65
SaltPepper_p002,21.75,20.36,14.66,1.39,7.09
SaltPepper_p002,21.59,21.39,14.66,0.19,6.93
SaltPepper_p002,22.33,22.43,14.66,0.1,7.67
SaltPepper_p002,21.32,20.42,14.66,0.9,6.66
SaltPepper_p002,21.91,22.15,14.66,0.24,7.25
SaltPepper_p002,22.76,22.19,14.66,0.57,8.1
SaltPepper_p002,22.41,22.49,14.66,0.08,7.75
SaltPepper_p002,22.3,21.44,14.66,0.86,7.64
SaltPepper_p002,22.23,21.43,14.66,0.8,7.58
SaltPepper_p002,21.55,21.14,14.66,0.41,6.89
SaltPepper_p002,21.84,22.67,14.66,0.83,7.18
SaltPepper_p002,21.48,21.49,14.66,0.01,6.82
SaltPepper_p002,23.31,22.51,14.66,0.8,8.65
SaltPepper_p002,22.13,20.93,14.66,1.2,7.47
SaltPepper_p002,22.03,21.33,14.66,0.7,7.37
SaltPepper_p002,21.85,22.32,14.66,0.48,7.19
SaltPepper_p002,21.83,22.57,14.66,0.73,7.17
SaltPepper_p002,21.91,21.98,14.66,0.07,7.25
SaltPepper_p002,22.77,23.81,14.66,1.04,8.11
SaltPepper_p002,22.48,22.92,14.66,0.44,7.82
SaltPepper_p002,21.94,21.05,14.66,0.89,7.28
SaltPepper_p002,22.14,21.46,14.66,0.68,7.48
SaltPepper_p002,21.94,22.12,14.66,0.18,7.28
SaltPepper_p002,22.4,22.9,14.66,0.5,7.74
SaltPepper_p002,21.38,21.07,14.66,0.31,6.72
SaltPepper_p002,22.49,22.46,14.66,0.03,7.83
SaltPepper_p002,21.29,21.34,14.66,0.05,6.63
SaltPepper_p002,22.11,22.09,14.66,0.02,7.45
SaltPepper_p002,23.17,22.6,14.66,0.57,8.51
SaltPepper_p002,23.14,22.2,14.66,0.94,8.48
SaltPepper_p002,21.91,21.2,14.66,0.71,7.25
SaltPepper_p002,22.33,21.59,14.66,0.74,7.67
SaltPepper_p002,22.42,21.43,14.66,0.99,7.76
SaltPepper_p002,22.47,22.27,14.66,0.21,7.81
SaltPepper_p002,22.02,21.96,14.66,0.06,7.36
SaltPepper_p002,22.15,21.01,14.66,1.14,7.49
SaltPepper_p002,22.96,23.72,14.66,0.76,8.3
SaltPepper_p002,21.38,20.87,14.66,0.52,6.72
SaltPepper_p002,21.47,20.92,14.66,0.55,6.81
SaltPepper_p002,23.4,22.97,14.66,0.42,8.74
SaltPepper_p002,22.4,22.98,14.66,0.59,7.74
SaltPepper_p002,21.15,21.4,14.66,0.26,6.49
SaltPepper_p002,22.14,21.59,14.66,0.55,7.48
SaltPepper_p002,22.62,22.58,14.66,0.04,7.96
SaltPepper_p002,22.47,22.47,14.66,0.01,7.81
SaltPepper_p002,22.85,22.4,14.66,0.46,8.19
SaltPepper_p002,21.44,21.33,14.66,0.11,6.78
SaltPepper_p002,22.11,21.74,14.66,0.36,7.45
SaltPepper_p002,21.85,21.6,14.66,0.25,7.19
